-- phpMyAdmin SQL Dump
-- version 4.7.0
-- https://www.phpmyadmin.net/
--
-- Host: 127.0.0.1
-- Generation Time: Jan 10, 2018 at 07:26 PM
-- Server version: 10.1.25-MariaDB
-- PHP Version: 5.6.31

SET SQL_MODE = "NO_AUTO_VALUE_ON_ZERO";
SET AUTOCOMMIT = 0;
START TRANSACTION;
SET time_zone = "+00:00";


/*!40101 SET @OLD_CHARACTER_SET_CLIENT=@@CHARACTER_SET_CLIENT */;
/*!40101 SET @OLD_CHARACTER_SET_RESULTS=@@CHARACTER_SET_RESULTS */;
/*!40101 SET @OLD_COLLATION_CONNECTION=@@COLLATION_CONNECTION */;
/*!40101 SET NAMES utf8mb4 */;

--
-- Database: `pis_project`
--

-- --------------------------------------------------------

--
-- Table structure for table `room`
--

CREATE TABLE `room` (
  `id` int(11) NOT NULL,
  `name` varchar(45) NOT NULL
) ENGINE=InnoDB DEFAULT CHARSET=utf8;

--
-- Dumping data for table `room`
--

INSERT INTO `room` (`id`, `name`) VALUES
(3, 'bathroom'),
(4, 'sobica'),
(6, 'Hemingway');

-- --------------------------------------------------------

--
-- Table structure for table `rules`
--

CREATE TABLE `rules` (
  `id` int(11) UNSIGNED NOT NULL,
  `id_sensor` int(11) UNSIGNED NOT NULL,
  `id_waspmote` int(11) UNSIGNED NOT NULL,
  `value` decimal(9,2) NOT NULL
) ENGINE=InnoDB DEFAULT CHARSET=latin1;

--
-- Dumping data for table `rules`
--

INSERT INTO `rules` (`id`, `id_sensor`, `id_waspmote`, `value`) VALUES
(1, 50, 26, '25.00'),
(2, 50, 21, '20.00'),
(3, 50, 21, '40.00'),
(4, 50, 21, '24.00');

-- --------------------------------------------------------

--
-- Table structure for table `sensor`
--

CREATE TABLE `sensor` (
  `id` int(11) UNSIGNED NOT NULL,
  `name` varchar(45) NOT NULL,
  `measure_unit` varchar(5) DEFAULT NULL
) ENGINE=InnoDB DEFAULT CHARSET=latin1;

--
-- Dumping data for table `sensor`
--

INSERT INTO `sensor` (`id`, `name`, `measure_unit`) VALUES
(49, 'motion_sensor', ''),
(50, 'temperature_sensor', 'C'),
(51, 'humidity_sensor', '%'),
(52, 'presure_sensor', 'Pa'),
(54, 'noise_sensor', 'dB'),
(56, 'fire_sensor', 'C');

-- --------------------------------------------------------

--
-- Table structure for table `sensor_waspmote`
--

CREATE TABLE `sensor_waspmote` (
  `id` int(11) UNSIGNED NOT NULL,
  `id_sensor` int(11) UNSIGNED NOT NULL,
  `id_waspmote` int(11) UNSIGNED NOT NULL,
  `reading_count` int(11) UNSIGNED NOT NULL,
  `reading_value` decimal(9,2) NOT NULL,
  `reading_time` datetime NOT NULL
) ENGINE=InnoDB DEFAULT CHARSET=utf8;

--
-- Dumping data for table `sensor_waspmote`
--

INSERT INTO `sensor_waspmote` (`id`, `id_sensor`, `id_waspmote`, `reading_count`, `reading_value`, `reading_time`) VALUES
(94, 49, 21, 6, '1.00', '2017-11-07 14:37:37'),
(95, 49, 21, 7, '1.00', '2017-11-07 14:37:43'),
(96, 50, 21, 10, '20.59', '2017-11-07 14:37:47'),
(97, 51, 21, 10, '59.90', '2017-11-07 14:37:48'),
(98, 52, 21, 10, '100756.08', '2017-11-07 14:37:50'),
(99, 50, 21, 11, '20.57', '2017-11-07 14:38:23'),
(100, 51, 21, 11, '59.30', '2017-11-07 14:38:25'),
(101, 52, 21, 11, '100751.92', '2017-11-07 14:38:27'),
(102, 50, 21, 12, '20.59', '2017-11-07 14:38:59'),
(103, 51, 21, 12, '59.10', '2017-11-07 14:39:01'),
(104, 52, 21, 12, '100746.21', '2017-11-07 14:39:03'),
(105, 49, 21, 8, '1.00', '2017-11-07 14:39:31'),
(106, 50, 21, 13, '20.66', '2017-11-07 14:39:36'),
(107, 51, 21, 13, '59.50', '2017-11-07 14:39:38'),
(108, 52, 21, 13, '100742.12', '2017-11-07 14:39:39'),
(109, 50, 21, 14, '20.78', '2017-11-07 14:40:12'),
(110, 51, 21, 14, '60.00', '2017-11-07 14:40:14'),
(111, 52, 21, 14, '100742.89', '2017-11-07 14:40:16'),
(112, 49, 21, 9, '1.00', '2017-11-07 14:40:18'),
(113, 50, 21, 15, '20.74', '2017-11-07 14:40:41'),
(114, 51, 21, 15, '59.60', '2017-11-07 14:40:43'),
(115, 52, 21, 15, '100734.61', '2017-11-07 14:40:45'),
(116, 49, 21, 10, '1.00', '2017-11-07 14:40:59'),
(117, 50, 21, 16, '20.66', '2017-11-07 14:41:14'),
(118, 51, 21, 16, '58.60', '2017-11-07 14:41:15'),
(119, 52, 21, 16, '100733.09', '2017-11-07 14:41:17'),
(120, 50, 21, 17, '20.57', '2017-11-07 14:41:50'),
(121, 51, 21, 17, '59.00', '2017-11-07 14:41:52'),
(122, 52, 21, 17, '100733.05', '2017-11-07 14:41:54'),
(123, 50, 21, 18, '20.60', '2017-11-07 14:42:27'),
(124, 51, 21, 18, '59.20', '2017-11-07 14:42:29'),
(125, 52, 21, 18, '100726.49', '2017-11-07 14:42:31'),
(126, 50, 21, 19, '20.74', '2017-11-07 14:43:04'),
(127, 51, 21, 19, '59.60', '2017-11-07 14:43:06'),
(128, 52, 21, 19, '100725.58', '2017-11-07 14:43:08'),
(129, 50, 21, 20, '20.82', '2017-11-07 14:43:41'),
(130, 51, 21, 20, '58.90', '2017-11-07 14:43:43'),
(131, 52, 21, 20, '100730.98', '2017-11-07 14:43:45'),
(132, 50, 21, 21, '20.80', '2017-11-07 14:44:18'),
(133, 51, 21, 21, '59.50', '2017-11-07 14:44:20'),
(134, 52, 21, 21, '100727.67', '2017-11-07 14:44:22'),
(135, 50, 21, 22, '20.71', '2017-11-07 14:44:55'),
(136, 51, 21, 22, '59.30', '2017-11-07 14:44:57'),
(137, 52, 21, 22, '100727.81', '2017-11-07 14:44:59'),
(138, 49, 21, 11, '1.00', '2017-11-07 14:45:21'),
(139, 50, 21, 23, '20.61', '2017-11-07 14:45:35'),
(140, 51, 21, 23, '58.90', '2017-11-07 14:45:37'),
(141, 52, 21, 23, '100731.84', '2017-11-07 14:45:39'),
(142, 50, 21, 24, '20.63', '2017-11-07 14:46:12'),
(143, 51, 21, 24, '59.50', '2017-11-07 14:46:14'),
(144, 52, 21, 24, '100731.43', '2017-11-07 14:46:16'),
(145, 50, 21, 25, '20.62', '2017-11-07 14:46:49'),
(146, 51, 21, 25, '59.10', '2017-11-07 14:46:51'),
(147, 52, 21, 25, '100730.82', '2017-11-07 14:46:53'),
(148, 50, 21, 26, '20.64', '2017-11-07 14:47:26'),
(149, 51, 21, 26, '58.60', '2017-11-07 14:47:28'),
(150, 52, 21, 26, '100729.60', '2017-11-07 14:47:30'),
(151, 49, 21, 12, '1.00', '2017-11-07 14:47:32'),
(152, 49, 21, 13, '1.00', '2017-11-07 14:47:42'),
(153, 50, 21, 27, '20.71', '2017-11-07 14:47:59'),
(154, 51, 21, 27, '59.30', '2017-11-07 14:48:01'),
(155, 52, 21, 27, '100733.97', '2017-11-07 14:48:03'),
(156, 50, 21, 28, '20.67', '2017-11-07 14:48:36'),
(157, 51, 21, 28, '59.20', '2017-11-07 14:48:38'),
(158, 52, 21, 28, '100737.62', '2017-11-07 14:48:40'),
(159, 50, 21, 29, '20.59', '2017-11-07 14:49:13'),
(160, 51, 21, 29, '59.80', '2017-11-07 14:49:15'),
(161, 52, 21, 29, '100735.52', '2017-11-07 14:49:17'),
(162, 49, 21, 14, '1.00', '2017-11-07 14:49:25'),
(163, 49, 21, 15, '1.00', '2017-11-07 14:49:30'),
(164, 49, 21, 16, '1.00', '2017-11-07 14:49:36'),
(165, 50, 21, 30, '20.57', '2017-11-07 14:49:40'),
(166, 51, 21, 30, '59.50', '2017-11-07 14:49:42'),
(167, 52, 21, 30, '100727.88', '2017-11-07 14:49:43'),
(168, 50, 21, 31, '20.56', '2017-11-07 14:50:16'),
(169, 51, 21, 31, '59.60', '2017-11-07 14:50:18'),
(170, 52, 21, 31, '100741.23', '2017-11-07 14:50:20'),
(171, 50, 21, 32, '20.49', '2017-11-07 14:50:53'),
(172, 51, 21, 32, '59.70', '2017-11-07 14:50:55'),
(173, 52, 21, 32, '100745.73', '2017-11-07 14:50:57'),
(174, 50, 21, 33, '20.58', '2017-11-07 14:51:30'),
(175, 51, 21, 33, '59.70', '2017-11-07 14:51:32'),
(176, 52, 21, 33, '100744.55', '2017-11-07 14:51:34'),
(177, 50, 21, 34, '20.48', '2017-11-07 14:52:07'),
(178, 51, 21, 34, '59.90', '2017-11-07 14:52:09'),
(179, 52, 21, 34, '100742.41', '2017-11-07 14:52:11'),
(180, 50, 21, 35, '20.38', '2017-11-07 14:52:44'),
(181, 51, 21, 35, '59.30', '2017-11-07 14:52:46'),
(182, 52, 21, 35, '100747.24', '2017-11-07 14:52:48'),
(183, 49, 21, 17, '1.00', '2017-11-07 14:53:01'),
(184, 50, 21, 36, '20.38', '2017-11-07 14:53:17'),
(185, 51, 21, 36, '59.80', '2017-11-07 14:53:19'),
(186, 52, 21, 36, '100748.90', '2017-11-07 14:53:21'),
(187, 50, 21, 37, '20.39', '2017-11-07 14:53:54'),
(188, 51, 21, 37, '59.50', '2017-11-07 14:53:56'),
(189, 52, 21, 37, '100746.23', '2017-11-07 14:53:58'),
(191, 51, 21, 38, '59.80', '2017-11-07 14:54:33'),
(192, 52, 21, 38, '100758.77', '2017-11-07 14:54:35'),
(193, 50, 21, 39, '20.36', '2017-11-07 14:55:08'),
(194, 51, 21, 39, '59.80', '2017-11-07 14:55:10'),
(195, 52, 21, 39, '100753.80', '2017-11-07 14:55:12'),
(196, 50, 21, 40, '20.32', '2017-11-07 14:55:45'),
(197, 51, 21, 40, '59.80', '2017-11-07 14:55:47'),
(198, 52, 21, 40, '100756.02', '2017-11-07 14:55:49'),
(199, 50, 21, 41, '20.27', '2017-11-07 14:56:22'),
(200, 51, 21, 41, '60.10', '2017-11-07 14:56:24'),
(201, 52, 21, 41, '100754.12', '2017-11-07 14:56:26'),
(202, 50, 21, 42, '20.26', '2017-11-07 14:57:00'),
(203, 51, 21, 42, '60.00', '2017-11-07 14:57:01'),
(204, 52, 21, 42, '100761.12', '2017-11-07 14:57:03'),
(205, 50, 21, 43, '20.22', '2017-11-07 14:57:36'),
(206, 51, 21, 43, '60.10', '2017-11-07 14:57:38'),
(207, 52, 21, 43, '100760.06', '2017-11-07 14:57:40'),
(208, 50, 21, 44, '20.19', '2017-11-07 14:58:12'),
(209, 51, 21, 44, '60.30', '2017-11-07 14:58:14'),
(210, 52, 21, 44, '100756.73', '2017-11-07 14:58:16'),
(211, 50, 21, 45, '20.30', '2017-11-07 14:58:49'),
(212, 51, 21, 45, '60.40', '2017-11-07 14:58:51'),
(213, 52, 21, 45, '100755.41', '2017-11-07 14:58:53'),
(214, 50, 21, 46, '20.36', '2017-11-07 14:59:28'),
(215, 51, 21, 46, '59.80', '2017-11-07 14:59:30'),
(216, 52, 21, 46, '100757.92', '2017-11-07 14:59:32'),
(217, 49, 21, 19, '1.00', '2017-11-07 14:59:58'),
(218, 50, 21, 47, '20.46', '2017-11-07 15:00:07'),
(219, 51, 21, 47, '60.00', '2017-11-07 15:00:08'),
(220, 52, 21, 47, '100753.47', '2017-11-07 15:00:10'),
(221, 50, 21, 48, '20.51', '2017-11-07 15:00:43'),
(222, 51, 21, 48, '60.00', '2017-11-07 15:00:45'),
(223, 52, 21, 48, '100750.23', '2017-11-07 15:00:47'),
(224, 49, 21, 20, '1.00', '2017-11-07 15:01:07'),
(225, 50, 21, 49, '20.32', '2017-11-07 15:01:25'),
(226, 51, 21, 49, '60.20', '2017-11-07 15:01:27'),
(227, 52, 21, 49, '100760.35', '2017-11-07 15:01:29'),
(228, 49, 21, 21, '1.00', '2017-11-07 15:01:55'),
(229, 50, 21, 50, '20.33', '2017-11-07 15:01:59'),
(230, 51, 21, 50, '60.40', '2017-11-07 15:02:01'),
(231, 52, 21, 50, '100764.67', '2017-11-07 15:02:02'),
(232, 49, 21, 22, '1.00', '2017-11-07 15:02:14'),
(233, 50, 21, 51, '20.33', '2017-11-07 15:02:37'),
(234, 51, 21, 51, '60.30', '2017-11-07 15:02:39'),
(235, 52, 21, 51, '100770.87', '2017-11-07 15:02:41'),
(236, 50, 21, 52, '20.31', '2017-11-07 15:03:14'),
(237, 51, 21, 52, '60.30', '2017-11-07 15:03:16'),
(238, 52, 21, 52, '100773.09', '2017-11-07 15:03:18'),
(239, 50, 21, 53, '20.40', '2017-11-07 15:03:51'),
(240, 51, 21, 53, '60.60', '2017-11-07 15:03:53'),
(241, 52, 21, 53, '100765.57', '2017-11-07 15:03:55'),
(242, 50, 21, 54, '20.31', '2017-11-07 15:04:28'),
(243, 51, 21, 54, '60.50', '2017-11-07 15:04:30'),
(244, 52, 21, 54, '100765.89', '2017-11-07 15:04:32'),
(245, 50, 21, 55, '20.24', '2017-11-07 15:05:05'),
(246, 51, 21, 55, '60.60', '2017-11-07 15:05:07'),
(247, 52, 21, 55, '100766.86', '2017-11-07 15:05:09'),
(248, 49, 21, 23, '1.00', '2017-11-07 15:05:40'),
(249, 50, 21, 56, '20.31', '2017-11-07 15:05:48'),
(250, 51, 21, 56, '60.90', '2017-11-07 15:05:50'),
(251, 52, 21, 56, '100767.55', '2017-11-07 15:05:52'),
(252, 49, 21, 24, '1.00', '2017-11-07 15:06:03'),
(253, 49, 21, 25, '1.00', '2017-11-07 15:06:08'),
(254, 49, 21, 26, '1.00', '2017-11-07 15:06:20'),
(255, 50, 21, 57, '20.41', '2017-11-07 15:06:23'),
(256, 51, 21, 57, '60.80', '2017-11-07 15:06:25'),
(257, 52, 21, 57, '100767.23', '2017-11-07 15:06:27'),
(258, 49, 21, 27, '1.00', '2017-11-07 15:06:29'),
(259, 49, 21, 28, '1.00', '2017-11-07 15:06:43'),
(260, 50, 21, 58, '20.55', '2017-11-07 15:06:49'),
(261, 51, 21, 58, '60.40', '2017-11-07 15:06:51'),
(262, 52, 21, 58, '100764.67', '2017-11-07 15:06:53'),
(263, 49, 21, 29, '1.00', '2017-11-07 15:06:55'),
(264, 50, 21, 59, '20.55', '2017-11-07 15:07:19'),
(265, 51, 21, 59, '60.30', '2017-11-07 15:07:21'),
(266, 52, 21, 59, '100766.33', '2017-11-07 15:07:23'),
(267, 49, 21, 30, '1.00', '2017-11-07 15:07:51'),
(268, 50, 21, 60, '20.58', '2017-11-07 15:07:56'),
(269, 51, 21, 60, '59.70', '2017-11-07 15:07:57'),
(270, 52, 21, 60, '100771.27', '2017-11-07 15:07:59'),
(271, 49, 21, 31, '1.00', '2017-11-07 15:08:04'),
(272, 50, 21, 61, '20.60', '2017-11-07 15:08:30'),
(273, 51, 21, 61, '59.70', '2017-11-07 15:08:32'),
(274, 52, 21, 61, '100773.74', '2017-11-07 15:08:34'),
(275, 49, 21, 32, '1.00', '2017-11-07 15:08:58'),
(276, 50, 21, 62, '20.60', '2017-11-07 15:09:05'),
(277, 51, 21, 62, '59.70', '2017-11-07 15:09:07'),
(278, 52, 21, 62, '100770.25', '2017-11-07 15:09:08'),
(279, 49, 21, 33, '1.00', '2017-11-07 15:09:20'),
(280, 50, 21, 63, '20.63', '2017-11-07 15:09:43'),
(281, 51, 21, 63, '59.80', '2017-11-07 15:09:45'),
(282, 52, 21, 63, '100776.85', '2017-11-07 15:09:47'),
(283, 49, 21, 34, '1.00', '2017-11-07 15:09:49'),
(284, 49, 21, 36, '1.00', '2017-11-07 15:10:04'),
(285, 50, 21, 64, '20.67', '2017-11-07 15:10:09'),
(286, 51, 21, 64, '59.50', '2017-11-07 15:10:11'),
(287, 52, 21, 64, '100777.30', '2017-11-07 15:10:12'),
(288, 49, 21, 37, '1.00', '2017-11-07 15:10:19'),
(289, 49, 21, 38, '1.00', '2017-11-07 15:10:25'),
(290, 50, 21, 65, '20.62', '2017-11-07 15:10:42'),
(291, 51, 21, 65, '59.40', '2017-11-07 15:10:44'),
(292, 52, 21, 65, '100778.91', '2017-11-07 15:10:46'),
(293, 49, 21, 39, '1.00', '2017-11-07 15:11:00'),
(294, 49, 21, 40, '1.00', '2017-11-07 15:11:03'),
(295, 50, 21, 66, '20.60', '2017-11-07 15:11:08'),
(296, 51, 21, 66, '59.60', '2017-11-07 15:11:10'),
(297, 52, 21, 66, '100780.94', '2017-11-07 15:11:11'),
(298, 49, 21, 41, '1.00', '2017-11-07 15:11:15'),
(299, 50, 21, 67, '20.60', '2017-11-07 15:11:39'),
(300, 51, 21, 67, '59.80', '2017-11-07 15:11:41'),
(301, 52, 21, 67, '100790.62', '2017-11-07 15:11:43'),
(302, 50, 21, 68, '20.66', '2017-11-07 15:12:16'),
(303, 51, 21, 68, '59.40', '2017-11-07 15:12:18'),
(304, 52, 21, 68, '100792.52', '2017-11-07 15:12:20'),
(305, 50, 21, 69, '20.61', '2017-11-07 15:12:53'),
(306, 51, 21, 69, '59.50', '2017-11-07 15:12:55'),
(307, 52, 21, 69, '100785.27', '2017-11-07 15:12:57'),
(308, 49, 21, 42, '1.00', '2017-11-07 15:13:01'),
(309, 50, 21, 70, '20.60', '2017-11-07 15:13:22'),
(310, 51, 21, 70, '63.00', '2017-11-07 15:13:24'),
(311, 52, 21, 70, '100789.60', '2017-11-07 15:13:26'),
(312, 49, 21, 43, '1.00', '2017-11-07 15:13:31'),
(313, 50, 21, 71, '20.92', '2017-11-07 15:13:54'),
(314, 51, 21, 71, '68.80', '2017-11-07 15:13:56'),
(315, 52, 21, 71, '100780.20', '2017-11-07 15:13:58'),
(316, 50, 21, 72, '21.17', '2017-11-07 15:14:31'),
(317, 51, 21, 72, '66.00', '2017-11-07 15:14:33'),
(318, 52, 21, 72, '100784.91', '2017-11-07 15:14:35'),
(319, 49, 21, 44, '1.00', '2017-11-07 15:14:50'),
(320, 50, 21, 73, '21.04', '2017-11-07 15:15:03'),
(321, 51, 21, 73, '67.00', '2017-11-07 15:15:05'),
(322, 52, 21, 73, '100770.44', '2017-11-07 15:15:07'),
(323, 50, 21, 74, '20.98', '2017-11-07 15:15:40'),
(324, 51, 21, 74, '62.90', '2017-11-07 15:15:42'),
(325, 52, 21, 74, '100768.73', '2017-11-07 15:15:44'),
(326, 49, 21, 45, '1.00', '2017-11-07 15:15:58'),
(327, 49, 21, 46, '1.00', '2017-11-07 15:16:00'),
(328, 50, 21, 75, '21.12', '2017-11-07 15:16:05'),
(329, 51, 21, 75, '61.40', '2017-11-07 15:16:07'),
(330, 52, 21, 75, '100774.80', '2017-11-07 15:16:09'),
(331, 49, 21, 47, '1.00', '2017-11-07 15:16:22'),
(332, 50, 21, 76, '21.51', '2017-11-07 15:16:35'),
(333, 51, 21, 76, '65.50', '2017-11-07 15:16:37'),
(334, 52, 21, 76, '100772.17', '2017-11-07 15:16:38'),
(335, 49, 21, 49, '1.00', '2017-11-07 15:16:41'),
(336, 49, 21, 50, '1.00', '2017-11-07 15:17:07'),
(337, 50, 21, 77, '21.77', '2017-11-07 15:17:12'),
(338, 51, 21, 77, '61.20', '2017-11-07 15:17:14'),
(339, 52, 21, 77, '100766.28', '2017-11-07 15:17:15'),
(340, 49, 21, 51, '1.00', '2017-11-07 15:17:18'),
(341, 50, 21, 78, '21.98', '2017-11-07 15:17:42'),
(342, 51, 21, 78, '58.90', '2017-11-07 15:17:44'),
(343, 52, 21, 78, '100765.13', '2017-11-07 15:17:46'),
(344, 50, 21, 79, '22.25', '2017-11-07 15:18:19'),
(345, 51, 21, 79, '60.10', '2017-11-07 15:18:21'),
(346, 52, 21, 79, '100759.41', '2017-11-07 15:18:23'),
(347, 50, 21, 80, '21.90', '2017-11-07 15:18:49'),
(348, 51, 21, 80, '57.80', '2017-11-07 15:18:51'),
(349, 52, 21, 80, '100768.41', '2017-11-07 15:18:53'),
(350, 49, 21, 52, '1.00', '2017-11-07 15:18:55'),
(351, 49, 21, 53, '1.00', '2017-11-07 15:19:06'),
(352, 50, 21, 81, '22.14', '2017-11-07 15:19:09'),
(353, 51, 21, 81, '58.50', '2017-11-07 15:19:11'),
(354, 52, 21, 81, '100756.70', '2017-11-07 15:19:13'),
(355, 49, 21, 54, '1.00', '2017-11-07 15:19:16'),
(356, 49, 21, 55, '1.00', '2017-11-07 15:19:20'),
(357, 49, 21, 56, '1.00', '2017-11-07 15:19:25'),
(358, 50, 21, 82, '23.08', '2017-11-07 15:19:29'),
(359, 51, 21, 82, '77.80', '2017-11-07 15:19:31'),
(360, 52, 21, 82, '100757.80', '2017-11-07 15:19:33'),
(362, 49, 21, 155555555, '1.00', '2017-11-08 00:00:00'),
(363, 49, 21, 7, '1.00', '2017-11-07 23:14:06'),
(367, 49, 21, 8, '1.00', '2017-11-07 23:14:42'),
(368, 49, 21, 9, '1.00', '2017-11-07 23:15:05'),
(375, 49, 21, 10, '1.00', '2017-11-07 23:15:51'),
(379, 49, 21, 11, '1.00', '2017-11-07 23:16:22'),
(380, 49, 21, 12, '1.00', '2017-11-07 23:16:46'),
(384, 49, 21, 13, '1.00', '2017-11-07 23:16:59'),
(385, 49, 21, 14, '1.00', '2017-11-07 23:17:10'),
(389, 49, 21, 15, '1.00', '2017-11-07 23:17:31'),
(390, 49, 21, 16, '1.00', '2017-11-07 23:17:40'),
(391, 49, 21, 17, '1.00', '2017-11-07 23:17:47'),
(392, 54, 23, 1, '125.00', '2017-11-08 00:00:00'),
(393, 49, 21, 1, '1.00', '2017-11-08 10:51:45'),
(394, 49, 21, 2, '1.00', '2017-11-08 10:51:56'),
(395, 49, 21, 3, '1.00', '2017-11-08 10:52:13'),
(399, 49, 21, 4, '1.00', '2017-11-08 10:52:24'),
(403, 49, 21, 5, '1.00', '2017-11-08 10:53:27'),
(410, 49, 21, 6, '1.00', '2017-11-08 10:54:20'),
(411, 49, 21, 7, '1.00', '2017-11-08 10:54:27'),
(418, 49, 21, 8, '1.00', '2017-11-08 10:55:36'),
(419, 49, 21, 9, '1.00', '2017-11-08 10:55:45'),
(420, 49, 21, 4, '1.00', '2017-11-08 13:41:24'),
(424, 49, 21, 5, '1.00', '2017-11-08 13:41:44'),
(425, 49, 21, 6, '1.00', '2017-11-08 13:41:50'),
(426, 50, 21, 3, '22.92', '2017-11-08 13:41:55'),
(427, 51, 21, 3, '75.80', '2017-11-08 13:41:57'),
(428, 52, 21, 3, '100990.48', '2017-11-08 13:41:58'),
(429, 49, 21, 7, '1.00', '2017-11-08 13:42:10'),
(430, 50, 21, 4, '20.85', '2017-11-08 13:42:33'),
(431, 51, 21, 4, '62.50', '2017-11-08 13:42:35'),
(432, 52, 21, 4, '100994.77', '2017-11-08 13:42:36'),
(433, 49, 21, 8, '1.00', '2017-11-08 13:43:01'),
(434, 50, 21, 5, '22.56', '2017-11-08 13:43:04'),
(435, 51, 21, 5, '79.50', '2017-11-08 13:43:06'),
(436, 52, 21, 5, '100979.88', '2017-11-08 13:43:07'),
(441, 50, 21, 1, '23.24', '2017-11-08 13:46:56'),
(442, 51, 21, 1, '53.00', '2017-11-08 13:46:57'),
(443, 52, 21, 1, '100868.62', '2017-11-08 13:46:59'),
(450, 50, 21, 1, '22.63', '2017-11-08 13:49:05'),
(451, 51, 21, 1, '56.40', '2017-11-08 13:49:06'),
(452, 52, 21, 1, '100867.51', '2017-11-08 13:49:08'),
(454, 50, 21, 1, '20.49', '2017-11-08 15:33:01'),
(455, 51, 21, 1, '65.60', '2017-11-08 15:33:03'),
(456, 52, 21, 1, '100936.41', '2017-11-08 15:33:04'),
(457, 50, 21, 2, '21.68', '2017-11-08 15:33:37'),
(458, 51, 21, 2, '66.70', '2017-11-08 15:33:39'),
(459, 52, 21, 2, '100935.89', '2017-11-08 15:33:40'),
(460, 50, 21, 3, '20.80', '2017-11-08 15:34:13'),
(461, 51, 21, 3, '64.10', '2017-11-08 15:34:15'),
(462, 52, 21, 3, '100934.30', '2017-11-08 15:34:16'),
(463, 50, 21, 4, '20.64', '2017-11-08 15:34:49'),
(464, 51, 21, 4, '67.00', '2017-11-08 15:34:51'),
(465, 52, 21, 4, '100937.82', '2017-11-08 15:34:52'),
(466, 50, 21, 1, '20.70', '2017-11-08 15:36:05'),
(467, 51, 21, 1, '65.80', '2017-11-08 15:36:07'),
(468, 52, 21, 1, '100937.45', '2017-11-08 15:36:08'),
(469, 50, 21, 2, '20.52', '2017-11-08 15:36:41'),
(470, 51, 21, 2, '64.00', '2017-11-08 15:36:43'),
(471, 52, 21, 2, '100929.66', '2017-11-08 15:36:44'),
(472, 50, 21, 3, '20.60', '2017-11-08 15:37:17'),
(473, 51, 21, 3, '65.10', '2017-11-08 15:37:19'),
(474, 52, 21, 3, '100935.09', '2017-11-08 15:37:20'),
(475, 50, 21, 1, '20.81', '2017-11-08 15:38:31'),
(476, 51, 21, 1, '65.30', '2017-11-08 15:38:33'),
(477, 52, 21, 1, '100939.65', '2017-11-08 15:38:34'),
(478, 50, 21, 2, '20.98', '2017-11-08 15:39:07'),
(479, 51, 21, 2, '66.30', '2017-11-08 15:39:09'),
(480, 52, 21, 2, '100935.70', '2017-11-08 15:39:10'),
(481, 50, 21, 3, '20.85', '2017-11-08 15:39:43'),
(482, 51, 21, 3, '67.30', '2017-11-08 15:39:45'),
(483, 52, 21, 3, '100937.88', '2017-11-08 15:39:46'),
(484, 50, 21, 1, '21.41', '2017-11-08 15:42:34'),
(485, 52, 21, 1, '100932.59', '2017-11-08 15:42:37'),
(486, 50, 21, 2, '21.54', '2017-11-08 15:43:10'),
(487, 51, 21, 2, '60.10', '2017-11-08 15:43:11'),
(488, 52, 21, 2, '100939.06', '2017-11-08 15:43:13'),
(489, 50, 21, 3, '21.11', '2017-11-08 15:43:46'),
(490, 51, 21, 3, '60.60', '2017-11-08 15:43:47'),
(491, 52, 21, 3, '100946.31', '2017-11-08 15:43:49'),
(492, 50, 21, 4, '20.90', '2017-11-08 15:44:22'),
(493, 51, 21, 4, '61.70', '2017-11-08 15:44:23'),
(494, 52, 21, 4, '100943.02', '2017-11-08 15:44:25'),
(495, 50, 21, 5, '20.71', '2017-11-08 15:44:58'),
(496, 51, 21, 5, '62.80', '2017-11-08 15:44:59'),
(497, 51, 21, 5, '62.80', '2017-11-08 15:45:00'),
(498, 52, 21, 5, '100952.28', '2017-11-08 15:45:01'),
(499, 50, 21, 6, '20.60', '2017-11-08 15:45:35'),
(500, 51, 21, 6, '61.80', '2017-11-08 15:45:36'),
(501, 52, 21, 6, '100946.59', '2017-11-08 15:45:38'),
(502, 50, 21, 7, '20.52', '2017-11-08 15:46:11'),
(503, 51, 21, 7, '62.50', '2017-11-08 15:46:12'),
(504, 52, 21, 7, '100945.88', '2017-11-08 15:46:14'),
(505, 51, 21, 8, '63.20', '2017-11-08 15:46:48'),
(506, 52, 21, 8, '100949.41', '2017-11-08 15:46:50'),
(507, 50, 21, 9, '20.20', '2017-11-08 15:47:23'),
(508, 51, 21, 9, '63.30', '2017-11-08 15:47:24'),
(509, 52, 21, 9, '100949.99', '2017-11-08 15:47:26'),
(510, 50, 21, 10, '20.00', '2017-11-08 15:47:59'),
(511, 51, 21, 10, '63.80', '2017-11-08 15:48:00'),
(512, 52, 21, 10, '100951.38', '2017-11-08 15:48:02'),
(515, 50, 21, 41, '21.18', '2017-11-08 16:08:52'),
(516, 51, 21, 41, '74.70', '2017-11-08 16:08:54'),
(517, 52, 21, 41, '100865.14', '2017-11-08 16:08:55'),
(518, 50, 21, 42, '21.57', '2017-11-08 16:09:28'),
(519, 51, 21, 42, '68.40', '2017-11-08 16:09:30'),
(520, 52, 21, 42, '100860.70', '2017-11-08 16:09:31'),
(521, 50, 21, 43, '21.68', '2017-11-08 16:10:04'),
(522, 51, 21, 43, '75.60', '2017-11-08 16:10:06'),
(523, 52, 21, 43, '100863.86', '2017-11-08 16:10:07'),
(524, 50, 21, 44, '21.63', '2017-11-08 16:10:32'),
(525, 51, 21, 44, '79.00', '2017-11-08 16:10:34'),
(526, 52, 21, 44, '100870.00', '2017-11-08 16:10:35'),
(527, 50, 21, 45, '21.60', '2017-11-08 16:11:08'),
(528, 51, 21, 45, '68.90', '2017-11-08 16:11:10'),
(529, 52, 21, 45, '100861.55', '2017-11-08 16:11:11'),
(530, 50, 21, 46, '22.05', '2017-11-08 16:11:44'),
(531, 51, 21, 46, '65.00', '2017-11-08 16:11:46'),
(532, 52, 21, 46, '100859.92', '2017-11-08 16:11:47'),
(533, 51, 21, 47, '62.00', '2017-11-08 16:12:22'),
(534, 52, 21, 47, '100857.54', '2017-11-08 16:12:23'),
(535, 50, 21, 48, '22.48', '2017-11-08 16:12:56'),
(536, 51, 21, 48, '62.10', '2017-11-08 16:12:58'),
(537, 52, 21, 48, '100861.31', '2017-11-08 16:12:59'),
(538, 50, 21, 49, '22.63', '2017-11-08 16:13:32'),
(539, 51, 21, 49, '59.20', '2017-11-08 16:13:34'),
(540, 52, 21, 49, '100854.73', '2017-11-08 16:13:35'),
(541, 50, 21, 50, '22.72', '2017-11-08 16:14:08'),
(542, 51, 21, 50, '58.90', '2017-11-08 16:14:10'),
(543, 52, 21, 50, '100858.89', '2017-11-08 16:14:11'),
(544, 50, 21, 51, '22.78', '2017-11-08 16:14:44'),
(545, 51, 21, 51, '58.60', '2017-11-08 16:14:46'),
(546, 52, 21, 51, '100863.42', '2017-11-08 16:14:47'),
(547, 50, 21, 52, '22.86', '2017-11-08 16:15:20'),
(548, 51, 21, 52, '58.80', '2017-11-08 16:15:22'),
(549, 52, 21, 52, '100858.69', '2017-11-08 16:15:23'),
(550, 50, 21, 53, '22.96', '2017-11-08 16:15:56'),
(551, 51, 21, 53, '58.80', '2017-11-08 16:15:58'),
(552, 52, 21, 53, '100854.56', '2017-11-08 16:16:00'),
(553, 50, 21, 54, '23.08', '2017-11-08 16:16:33'),
(554, 51, 21, 54, '58.10', '2017-11-08 16:16:35'),
(555, 52, 21, 54, '100862.02', '2017-11-08 16:16:36'),
(556, 50, 21, 55, '23.19', '2017-11-08 16:17:09'),
(557, 51, 21, 55, '56.70', '2017-11-08 16:17:11'),
(558, 52, 21, 55, '100861.38', '2017-11-08 16:17:12'),
(559, 50, 21, 56, '23.26', '2017-11-08 16:17:45'),
(560, 51, 21, 56, '57.50', '2017-11-08 16:17:47'),
(561, 52, 21, 56, '100860.36', '2017-11-08 16:17:48'),
(562, 50, 21, 57, '23.29', '2017-11-08 16:18:21'),
(563, 51, 21, 57, '57.10', '2017-11-08 16:18:23'),
(564, 52, 21, 57, '100867.17', '2017-11-08 16:18:24'),
(565, 50, 21, 58, '23.35', '2017-11-08 16:18:57'),
(566, 51, 21, 58, '59.00', '2017-11-08 16:18:59'),
(567, 52, 21, 58, '100860.75', '2017-11-08 16:19:00'),
(568, 50, 21, 59, '23.39', '2017-11-08 16:19:33'),
(569, 51, 21, 59, '56.90', '2017-11-08 16:19:35'),
(570, 52, 21, 59, '100865.90', '2017-11-08 16:19:36'),
(571, 50, 21, 60, '23.43', '2017-11-08 16:20:09'),
(572, 51, 21, 60, '57.30', '2017-11-08 16:20:11'),
(573, 52, 21, 60, '100859.69', '2017-11-08 16:20:12'),
(574, 49, 21, 500, '1.00', '2017-11-09 13:09:10'),
(579, 56, 23, 1, '10.00', '2017-11-08 00:00:00'),
(580, 56, 23, 1, '12.00', '2017-11-08 00:00:00'),
(581, 56, 23, 1, '11.00', '2017-11-08 00:00:00'),
(582, 56, 23, 1, '18.00', '2017-11-08 00:00:00'),
(583, 56, 23, 1, '28.00', '2017-11-08 00:00:00'),
(587, 50, 26, 1, '25.00', '2017-11-01 00:00:00'),
(588, 50, 26, 1, '26.00', '2017-11-01 07:00:00'),
(589, 50, 26, 3, '27.00', '2017-11-02 07:00:00'),
(590, 50, 26, 3, '20.00', '2017-11-02 07:00:05'),
(591, 51, 26, 1, '50.00', '2017-11-01 01:00:00'),
(592, 51, 26, 1, '62.00', '2017-11-01 02:00:00'),
(593, 51, 26, 1, '68.00', '2017-11-01 23:00:00'),
(594, 51, 26, 4, '80.00', '2017-11-09 00:03:00'),
(595, 51, 26, 4, '85.00', '2017-11-09 00:05:00'),
(596, 52, 26, 1, '100000.00', '2017-11-09 00:00:00'),
(597, 52, 26, 1, '110000.00', '2017-11-09 01:00:00'),
(598, 52, 26, 1, '105000.00', '2017-11-09 02:00:00'),
(599, 52, 26, 1, '107000.00', '2017-11-09 01:30:00'),
(600, 56, 26, 1, '25.00', '2017-11-09 00:00:00'),
(601, 56, 26, 1, '25.00', '2017-11-09 00:00:00'),
(604, 56, 26, 5, '30.00', '2017-11-09 01:00:00'),
(605, 56, 26, 5, '22.00', '2017-11-09 05:00:00'),
(606, 56, 26, 5, '12.00', '2017-11-09 05:30:00'),
(607, 54, 25, 1, '120.00', '2017-11-09 04:00:00'),
(608, 54, 26, 125, '20.00', '2017-11-09 05:07:00'),
(609, 54, 26, 125, '20.00', '2017-11-09 05:07:00'),
(610, 54, 26, 127, '20.00', '2017-11-09 05:02:00'),
(611, 54, 26, 127, '120.00', '2017-11-09 05:02:00'),
(632, 50, 21, 2, '20.00', '2017-11-01 00:00:00'),
(638, 56, 25, 20, '65.00', '2017-11-09 00:00:00'),
(639, 50, 21, 4, '18.43', '2017-11-22 18:18:20'),
(640, 51, 21, 4, '47.40', '2017-11-22 18:18:22'),
(641, 52, 21, 4, '87956.83', '2017-11-22 18:18:23'),
(642, 50, 21, 5, '18.26', '2017-11-22 18:18:56'),
(643, 52, 21, 5, '88130.78', '2017-11-22 18:18:59'),
(644, 50, 21, 6, '18.22', '2017-11-22 18:19:32'),
(645, 51, 21, 6, '49.10', '2017-11-22 18:19:34'),
(646, 52, 21, 6, '88167.45', '2017-11-22 18:19:35'),
(647, 50, 21, 7, '18.22', '2017-11-22 18:20:08'),
(648, 51, 21, 7, '48.70', '2017-11-22 18:20:10'),
(649, 52, 21, 7, '88222.95', '2017-11-22 18:20:13'),
(650, 50, 21, 8, '18.12', '2017-11-22 18:20:46'),
(651, 51, 21, 8, '48.70', '2017-11-22 18:20:48'),
(652, 52, 21, 8, '88257.63', '2017-11-22 18:20:49'),
(653, 50, 21, 9, '18.06', '2017-11-22 19:21:22'),
(654, 51, 21, 9, '48.90', '2017-11-22 19:21:24'),
(655, 52, 21, 9, '88297.39', '2017-11-22 19:21:25'),
(656, 50, 21, 10, '17.98', '2017-11-22 19:21:58'),
(657, 51, 21, 10, '49.10', '2017-11-22 19:22:00'),
(658, 52, 21, 10, '88321.49', '2017-11-22 19:22:01'),
(659, 51, 21, 11, '49.50', '2017-11-22 19:22:36'),
(660, 52, 21, 11, '88335.92', '2017-11-22 19:22:37'),
(661, 50, 21, 12, '17.73', '2017-11-22 19:23:10'),
(662, 51, 21, 12, '49.80', '2017-11-22 19:23:12'),
(663, 52, 21, 12, '88336.08', '2017-11-22 19:23:13'),
(664, 50, 21, 13, '17.56', '2017-11-22 19:23:46'),
(665, 51, 21, 13, '50.40', '2017-11-22 19:23:48'),
(666, 52, 21, 13, '88347.59', '2017-11-22 19:23:49'),
(667, 50, 21, 14, '17.54', '2017-11-22 19:24:22'),
(668, 51, 21, 14, '50.40', '2017-11-22 19:24:24'),
(669, 52, 21, 14, '88389.00', '2017-11-22 19:24:25'),
(670, 50, 21, 15, '17.58', '2017-11-22 19:24:58'),
(671, 51, 21, 15, '50.30', '2017-11-22 19:25:00'),
(672, 52, 21, 15, '88432.41', '2017-11-22 19:25:01'),
(673, 50, 21, 16, '17.45', '2017-11-22 19:25:34'),
(674, 51, 21, 16, '50.70', '2017-11-22 19:25:36'),
(675, 52, 21, 16, '88431.61', '2017-11-22 19:25:37'),
(676, 50, 21, 17, '17.38', '2017-11-22 19:26:10'),
(677, 51, 21, 17, '50.80', '2017-11-22 19:26:12'),
(678, 52, 21, 17, '88432.25', '2017-11-22 19:26:13'),
(679, 50, 21, 18, '17.54', '2017-11-22 19:26:46'),
(680, 51, 21, 18, '61.20', '2017-11-22 19:26:48'),
(681, 52, 21, 18, '88661.28', '2017-11-22 19:26:49'),
(682, 49, 21, 17, '1.00', '2017-11-22 19:37:37'),
(683, 49, 21, 18, '1.00', '2017-11-22 19:37:49'),
(684, 50, 21, 4, '20.32', '2017-11-22 19:37:52'),
(685, 51, 21, 4, '45.50', '2017-11-22 19:37:53'),
(686, 52, 21, 4, '89620.06', '2017-11-22 19:37:55'),
(687, 49, 21, 19, '1.00', '2017-11-22 19:38:02'),
(688, 49, 21, 20, '1.00', '2017-11-22 19:38:04'),
(689, 49, 21, 21, '1.00', '2017-11-22 19:38:07'),
(690, 49, 21, 22, '1.00', '2017-11-22 19:38:09'),
(691, 49, 21, 23, '1.00', '2017-11-22 19:38:13'),
(692, 49, 21, 24, '1.00', '2017-11-22 19:38:14'),
(693, 50, 21, 5, '20.39', '2017-11-22 19:38:17'),
(694, 51, 21, 5, '45.10', '2017-11-22 19:38:19'),
(695, 52, 21, 5, '89639.06', '2017-11-22 19:38:21'),
(696, 49, 21, 25, '1.00', '2017-11-22 19:38:23'),
(697, 49, 21, 26, '1.00', '2017-11-22 19:38:25'),
(698, 49, 21, 27, '1.00', '2017-11-22 19:38:37'),
(699, 49, 21, 28, '1.00', '2017-11-22 19:38:49'),
(700, 50, 21, 6, '20.41', '2017-11-22 19:38:52'),
(701, 51, 21, 6, '44.40', '2017-11-22 19:38:53'),
(702, 52, 21, 6, '89623.36', '2017-11-22 19:38:55'),
(703, 49, 21, 29, '1.00', '2017-11-22 19:39:07'),
(704, 49, 21, 30, '1.00', '2017-11-22 19:39:18'),
(705, 49, 21, 31, '1.00', '2017-11-22 19:39:19'),
(706, 49, 21, 32, '1.00', '2017-11-22 19:40:04'),
(707, 49, 21, 33, '1.00', '2017-11-22 19:40:06'),
(708, 50, 21, 7, '20.57', '2017-11-22 19:40:09'),
(709, 51, 21, 7, '44.50', '2017-11-22 19:40:11'),
(710, 52, 21, 7, '89682.67', '2017-11-22 19:40:12'),
(711, 49, 21, 34, '1.00', '2017-11-22 19:40:15'),
(712, 49, 21, 35, '1.00', '2017-11-22 19:40:17'),
(713, 49, 21, 36, '1.00', '2017-11-22 19:40:22'),
(714, 49, 21, 37, '1.00', '2017-11-22 19:40:24'),
(715, 50, 21, 8, '20.58', '2017-11-22 19:40:44'),
(716, 51, 21, 8, '44.00', '2017-11-22 19:40:46'),
(717, 52, 21, 8, '89664.02', '2017-11-22 19:40:47'),
(718, 49, 21, 39, '1.00', '2017-11-22 19:40:50'),
(719, 49, 21, 40, '1.00', '2017-11-22 19:40:51'),
(720, 49, 21, 41, '1.00', '2017-11-22 19:41:10'),
(721, 49, 21, 42, '1.00', '2017-11-22 19:41:22'),
(722, 50, 21, 9, '20.50', '2017-11-22 19:41:25'),
(723, 51, 21, 9, '43.80', '2017-11-22 19:41:26'),
(724, 52, 21, 9, '89640.44', '2017-11-22 19:41:28'),
(725, 49, 21, 43, '1.00', '2017-11-22 19:41:31'),
(726, 49, 21, 44, '1.00', '2017-11-22 19:41:32'),
(727, 49, 21, 45, '1.00', '2017-11-22 19:41:44'),
(728, 49, 21, 46, '1.00', '2017-11-22 19:41:56'),
(729, 50, 21, 10, '20.38', '2017-11-22 19:41:59'),
(730, 51, 21, 10, '43.90', '2017-11-22 19:42:00'),
(731, 52, 21, 10, '89609.76', '2017-11-22 19:42:02'),
(732, 49, 21, 47, '1.00', '2017-11-22 19:42:05'),
(733, 49, 21, 48, '1.00', '2017-11-22 19:42:07'),
(734, 49, 21, 49, '1.00', '2017-11-22 19:42:17'),
(735, 49, 21, 50, '1.00', '2017-11-22 19:42:19'),
(736, 49, 21, 51, '1.00', '2017-11-22 19:42:31'),
(737, 50, 21, 11, '20.41', '2017-11-22 19:42:37'),
(738, 51, 21, 11, '43.90', '2017-11-22 19:42:39'),
(739, 52, 21, 11, '89619.22', '2017-11-22 19:42:40'),
(740, 49, 21, 52, '1.00', '2017-11-22 19:42:43'),
(741, 49, 21, 53, '1.00', '2017-11-22 19:42:44'),
(742, 49, 21, 54, '1.00', '2017-11-22 19:42:57'),
(743, 49, 21, 55, '1.00', '2017-11-22 19:43:09'),
(744, 49, 21, 56, '1.00', '2017-11-22 19:43:10'),
(745, 50, 21, 12, '20.33', '2017-11-22 19:43:16'),
(746, 51, 21, 12, '43.70', '2017-11-22 19:43:18'),
(747, 52, 21, 12, '89609.69', '2017-11-22 19:43:20'),
(748, 49, 21, 57, '1.00', '2017-11-22 19:43:32'),
(749, 49, 21, 58, '1.00', '2017-11-22 19:43:34'),
(750, 49, 21, 59, '1.00', '2017-11-22 19:43:36'),
(751, 49, 21, 61, '1.00', '2017-11-22 19:43:46'),
(752, 50, 21, 13, '20.36', '2017-11-22 19:43:49'),
(753, 51, 21, 13, '43.70', '2017-11-22 19:43:51'),
(754, 52, 21, 13, '89615.74', '2017-11-22 19:43:53'),
(755, 49, 21, 62, '1.00', '2017-11-22 19:44:05'),
(756, 49, 21, 63, '1.00', '2017-11-22 19:44:17'),
(757, 49, 21, 64, '1.00', '2017-11-22 19:44:23'),
(758, 49, 21, 65, '1.00', '2017-11-22 19:44:25'),
(759, 51, 21, 14, '44.00', '2017-11-22 19:44:33'),
(760, 52, 21, 14, '89623.45', '2017-11-22 19:44:34'),
(761, 49, 21, 66, '1.00', '2017-11-22 19:44:46'),
(762, 49, 21, 67, '1.00', '2017-11-22 19:44:52'),
(763, 49, 21, 68, '1.00', '2017-11-22 19:44:54'),
(764, 49, 21, 69, '1.00', '2017-11-22 19:45:02'),
(765, 49, 21, 70, '1.00', '2017-11-22 19:45:04'),
(766, 50, 21, 15, '20.31', '2017-11-22 19:45:20'),
(767, 51, 21, 15, '44.00', '2017-11-22 19:45:22'),
(768, 49, 21, 71, '1.00', '2017-11-22 19:45:37'),
(769, 49, 21, 72, '1.00', '2017-11-22 19:45:39'),
(770, 49, 21, 73, '1.00', '2017-11-22 19:45:51'),
(771, 49, 21, 74, '1.00', '2017-11-22 19:46:03'),
(772, 50, 21, 16, '20.23', '2017-11-22 19:46:06'),
(773, 51, 21, 16, '44.10', '2017-11-22 19:46:07'),
(774, 52, 21, 16, '89600.79', '2017-11-22 19:46:09'),
(775, 49, 21, 75, '1.00', '2017-11-22 19:46:21'),
(776, 49, 21, 76, '1.00', '2017-11-22 19:46:33'),
(777, 49, 21, 77, '1.00', '2017-11-22 19:46:45'),
(778, 50, 21, 17, '20.20', '2017-11-22 19:46:48'),
(779, 51, 21, 17, '44.10', '2017-11-22 19:46:49'),
(780, 52, 21, 17, '89615.76', '2017-11-22 19:46:51'),
(781, 49, 21, 78, '1.00', '2017-11-22 19:47:03'),
(782, 49, 21, 79, '1.00', '2017-11-22 19:47:15'),
(783, 49, 21, 80, '1.00', '2017-11-22 19:47:27'),
(784, 50, 21, 18, '20.24', '2017-11-22 19:47:30'),
(785, 51, 21, 18, '44.30', '2017-11-22 19:47:31'),
(786, 52, 21, 18, '89634.21', '2017-11-22 19:47:33'),
(787, 49, 21, 81, '1.00', '2017-11-22 19:47:45'),
(788, 49, 21, 82, '1.00', '2017-11-22 19:47:57'),
(789, 49, 21, 83, '1.00', '2017-11-22 19:48:04'),
(790, 49, 21, 84, '1.00', '2017-11-22 19:48:06'),
(791, 50, 21, 19, '20.13', '2017-11-22 19:48:12'),
(792, 51, 21, 19, '44.70', '2017-11-22 19:48:14'),
(793, 52, 21, 19, '89610.05', '2017-11-22 19:48:16'),
(794, 49, 21, 85, '1.00', '2017-11-22 19:48:18'),
(795, 49, 21, 86, '1.00', '2017-11-22 19:48:20'),
(796, 49, 21, 87, '1.00', '2017-11-22 19:48:26'),
(797, 49, 21, 88, '1.00', '2017-11-22 19:48:27'),
(798, 49, 21, 89, '1.00', '2017-11-22 19:48:42'),
(799, 50, 21, 20, '20.23', '2017-11-22 19:48:45'),
(800, 51, 21, 20, '45.00', '2017-11-22 19:48:46'),
(801, 52, 21, 20, '89649.91', '2017-11-22 19:48:48'),
(802, 49, 21, 90, '1.00', '2017-11-22 19:49:00'),
(803, 49, 21, 91, '1.00', '2017-11-22 19:49:12'),
(804, 49, 21, 3, '1.00', '2017-11-22 23:45:28'),
(805, 49, 21, 4, '1.00', '2017-11-22 23:45:30'),
(806, 49, 21, 5, '1.00', '2017-11-22 23:45:35'),
(807, 49, 21, 6, '1.00', '2017-11-22 23:45:37'),
(808, 50, 21, 1, '20.20', '2017-11-22 23:45:41'),
(809, 51, 21, 1, '51.70', '2017-11-22 23:45:43'),
(810, 52, 21, 1, '91500.59', '2017-11-22 23:45:44'),
(811, 49, 21, 7, '1.00', '2017-11-22 23:45:47'),
(812, 49, 21, 8, '1.00', '2017-11-22 23:45:48'),
(813, 49, 21, 9, '1.00', '2017-11-22 23:45:51'),
(814, 49, 21, 10, '1.00', '2017-11-22 23:45:53'),
(815, 49, 21, 11, '1.00', '2017-11-22 23:46:04'),
(816, 50, 21, 2, '20.27', '2017-11-22 23:46:07'),
(817, 51, 21, 2, '50.60', '2017-11-22 23:46:09'),
(818, 52, 21, 2, '91500.45', '2017-11-22 23:46:10'),
(819, 49, 21, 12, '1.00', '2017-11-22 23:46:16'),
(820, 49, 21, 13, '1.00', '2017-11-22 23:46:18'),
(821, 49, 21, 14, '1.00', '2017-11-22 23:46:29'),
(822, 49, 21, 15, '1.00', '2017-11-22 23:46:41'),
(823, 51, 21, 3, '49.80', '2017-11-22 23:46:49'),
(824, 52, 21, 3, '91529.78', '2017-11-22 23:46:51'),
(825, 49, 21, 16, '1.00', '2017-11-22 23:46:53'),
(826, 49, 21, 17, '1.00', '2017-11-22 23:46:55'),
(827, 49, 21, 18, '1.00', '2017-11-22 23:47:05'),
(828, 49, 21, 19, '1.00', '2017-11-22 23:47:07'),
(829, 50, 21, 4, '20.60', '2017-11-22 23:47:27'),
(830, 51, 21, 4, '49.50', '2017-11-22 23:47:29'),
(831, 52, 21, 4, '91565.94', '2017-11-22 23:47:30'),
(832, 49, 21, 21, '1.00', '2017-11-22 23:47:42'),
(833, 49, 21, 22, '1.00', '2017-11-22 23:47:44'),
(834, 49, 21, 23, '1.00', '2017-11-22 23:47:47'),
(835, 49, 21, 24, '1.00', '2017-11-22 23:47:49'),
(836, 49, 21, 25, '1.00', '2017-11-22 23:48:01'),
(837, 50, 21, 5, '20.69', '2017-11-22 23:48:04'),
(838, 51, 21, 5, '48.50', '2017-11-22 23:48:06'),
(839, 52, 21, 5, '91574.86', '2017-11-22 23:48:07'),
(840, 49, 21, 26, '1.00', '2017-11-22 23:48:19'),
(841, 49, 21, 27, '1.00', '2017-11-22 23:48:26'),
(842, 49, 21, 28, '1.00', '2017-11-22 23:48:27'),
(843, 49, 21, 29, '1.00', '2017-11-22 23:48:38'),
(844, 49, 21, 30, '1.00', '2017-11-22 23:48:40'),
(845, 50, 21, 6, '20.84', '2017-11-22 23:48:54'),
(846, 51, 21, 6, '49.30', '2017-11-22 23:48:56'),
(847, 52, 21, 6, '91623.31', '2017-11-22 23:48:58'),
(848, 49, 21, 31, '1.00', '2017-11-22 23:49:09'),
(849, 49, 21, 32, '1.00', '2017-11-22 23:49:21'),
(850, 49, 21, 33, '1.00', '2017-11-23 00:49:32'),
(851, 49, 21, 34, '1.00', '2017-11-23 00:49:34'),
(852, 50, 21, 7, '20.91', '2017-11-23 00:49:37'),
(853, 51, 21, 7, '48.50', '2017-11-23 00:49:39'),
(854, 52, 21, 7, '91620.48', '2017-11-23 00:49:41'),
(855, 49, 21, 35, '1.00', '2017-11-23 00:49:44'),
(856, 49, 21, 36, '1.00', '2017-11-23 00:49:46'),
(857, 49, 21, 37, '1.00', '2017-11-23 00:49:57'),
(858, 49, 21, 38, '1.00', '2017-11-23 00:50:09'),
(859, 50, 21, 8, '20.95', '2017-11-23 00:50:12'),
(860, 51, 21, 8, '48.30', '2017-11-23 00:50:14'),
(861, 52, 21, 8, '91619.23', '2017-11-23 00:50:15'),
(862, 49, 21, 39, '1.00', '2017-11-23 00:50:27'),
(863, 49, 21, 40, '1.00', '2017-11-23 00:50:39'),
(864, 49, 21, 41, '1.00', '2017-11-23 00:50:51'),
(865, 50, 21, 9, '21.04', '2017-11-23 00:50:54'),
(866, 51, 21, 9, '47.60', '2017-11-23 00:50:56'),
(867, 52, 21, 9, '91627.42', '2017-11-23 00:50:57'),
(868, 49, 21, 42, '1.00', '2017-11-23 00:51:09'),
(869, 49, 21, 43, '1.00', '2017-11-23 00:51:21'),
(870, 49, 21, 44, '1.00', '2017-11-23 00:51:33'),
(871, 49, 21, 45, '1.00', '2017-11-23 00:51:34'),
(872, 51, 21, 10, '47.70', '2017-11-23 00:51:42'),
(873, 52, 21, 10, '91618.23', '2017-11-23 00:51:44'),
(874, 49, 21, 46, '1.00', '2017-11-23 00:51:46'),
(875, 49, 21, 47, '1.00', '2017-11-23 00:51:48'),
(876, 49, 21, 48, '1.00', '2017-11-23 00:51:56'),
(877, 49, 21, 49, '1.00', '2017-11-23 00:51:58'),
(878, 49, 21, 51, '1.00', '2017-11-23 00:52:09'),
(879, 50, 21, 11, '21.13', '2017-11-23 00:52:14'),
(880, 51, 21, 11, '47.60', '2017-11-23 00:52:16'),
(881, 52, 21, 11, '91642.42', '2017-11-23 00:52:18'),
(882, 49, 21, 52, '1.00', '2017-11-23 00:52:25'),
(883, 49, 21, 53, '1.00', '2017-11-23 00:52:26'),
(884, 49, 21, 54, '1.00', '2017-11-23 00:52:30'),
(885, 49, 21, 55, '1.00', '2017-11-23 00:52:31'),
(886, 49, 21, 56, '1.00', '2017-11-23 00:52:48'),
(887, 49, 21, 57, '1.00', '2017-11-23 00:52:49'),
(888, 50, 21, 12, '21.34', '2017-11-23 00:52:56'),
(889, 51, 21, 12, '48.80', '2017-11-23 00:52:58'),
(890, 52, 21, 12, '91712.05', '2017-11-23 00:53:00'),
(891, 49, 21, 58, '1.00', '2017-11-23 00:53:07'),
(892, 49, 21, 59, '1.00', '2017-11-23 00:53:09'),
(893, 49, 21, 60, '1.00', '2017-11-23 00:53:14'),
(894, 49, 21, 61, '1.00', '2017-11-23 00:53:16'),
(895, 49, 21, 62, '1.00', '2017-11-23 00:53:20'),
(896, 49, 21, 63, '1.00', '2017-11-23 00:53:22'),
(897, 50, 21, 13, '21.31', '2017-11-23 00:53:25'),
(898, 51, 21, 13, '47.60', '2017-11-23 00:53:27'),
(899, 52, 21, 13, '91686.61', '2017-11-23 00:53:28'),
(900, 49, 21, 64, '1.00', '2017-11-23 00:53:39'),
(901, 49, 21, 65, '1.00', '2017-11-23 00:53:41'),
(902, 49, 21, 66, '1.00', '2017-11-23 00:53:52'),
(903, 49, 21, 67, '1.00', '2017-11-23 00:53:54'),
(904, 49, 21, 68, '1.00', '2017-11-23 00:54:06'),
(905, 50, 21, 14, '21.42', '2017-11-23 00:54:09'),
(906, 51, 21, 14, '47.10', '2017-11-23 00:54:11'),
(907, 52, 21, 14, '91707.30', '2017-11-23 00:54:12'),
(908, 49, 21, 69, '1.00', '2017-11-23 00:54:15'),
(909, 49, 21, 70, '1.00', '2017-11-23 00:54:17'),
(910, 49, 21, 72, '1.00', '2017-11-23 00:54:40'),
(911, 50, 21, 15, '21.51', '2017-11-23 00:54:43'),
(912, 51, 21, 15, '47.00', '2017-11-23 00:54:45'),
(913, 52, 21, 15, '91730.77', '2017-11-23 00:54:46'),
(914, 49, 21, 73, '1.00', '2017-11-23 00:54:58'),
(915, 49, 21, 74, '1.00', '2017-11-23 00:55:10'),
(916, 49, 21, 75, '1.00', '2017-11-23 00:55:22'),
(917, 50, 21, 16, '21.62', '2017-11-23 00:55:25'),
(918, 51, 21, 16, '50.10', '2017-11-23 00:55:27'),
(919, 52, 21, 16, '91805.31', '2017-11-23 00:55:28'),
(920, 49, 21, 76, '1.00', '2017-11-23 00:55:36'),
(921, 49, 21, 77, '1.00', '2017-11-23 00:55:37'),
(922, 49, 21, 78, '1.00', '2017-11-23 00:55:52'),
(923, 49, 21, 79, '1.00', '2017-11-23 00:56:00'),
(924, 49, 21, 80, '1.00', '2017-11-23 00:56:02'),
(925, 50, 21, 17, '21.50', '2017-11-23 00:56:07'),
(926, 51, 21, 17, '46.70', '2017-11-23 00:56:08'),
(927, 52, 21, 17, '91715.14', '2017-11-23 00:56:10'),
(928, 49, 21, 81, '1.00', '2017-11-23 00:56:13'),
(929, 49, 21, 82, '1.00', '2017-11-23 00:56:14'),
(930, 49, 21, 83, '1.00', '2017-11-23 00:56:23'),
(931, 49, 21, 84, '1.00', '2017-11-23 00:56:25'),
(932, 49, 21, 85, '1.00', '2017-11-23 00:56:33'),
(933, 49, 21, 86, '1.00', '2017-11-23 00:56:35'),
(934, 51, 21, 18, '46.60', '2017-11-23 00:56:43'),
(935, 52, 21, 18, '91709.72', '2017-11-23 00:56:45'),
(936, 49, 21, 87, '1.00', '2017-11-23 00:56:57'),
(937, 49, 21, 88, '1.00', '2017-11-23 00:57:00'),
(938, 49, 21, 89, '1.00', '2017-11-23 00:57:02'),
(939, 49, 21, 90, '1.00', '2017-11-23 00:57:12'),
(940, 49, 21, 91, '1.00', '2017-11-23 00:57:14'),
(941, 50, 21, 19, '21.62', '2017-11-23 00:57:17'),
(942, 51, 21, 19, '46.80', '2017-11-23 00:57:18'),
(943, 52, 21, 19, '91741.97', '2017-11-23 00:57:20'),
(944, 49, 21, 92, '1.00', '2017-11-23 00:57:32'),
(945, 49, 21, 93, '1.00', '2017-11-23 00:57:35'),
(946, 49, 21, 94, '1.00', '2017-11-23 00:57:37'),
(947, 49, 21, 95, '1.00', '2017-11-23 00:57:46'),
(948, 49, 21, 96, '1.00', '2017-11-23 00:57:48'),
(949, 50, 21, 20, '21.67', '2017-11-23 00:57:51'),
(950, 51, 21, 20, '46.80', '2017-11-23 00:57:52'),
(951, 52, 21, 20, '91753.64', '2017-11-23 00:57:54'),
(952, 49, 21, 97, '1.00', '2017-11-23 00:58:06'),
(953, 49, 21, 98, '1.00', '2017-11-23 00:58:18'),
(954, 49, 21, 99, '1.00', '2017-11-23 00:58:30'),
(955, 50, 21, 21, '21.70', '2017-11-23 00:58:33'),
(956, 51, 21, 21, '49.10', '2017-11-23 00:58:35'),
(957, 52, 21, 21, '91779.19', '2017-11-23 00:58:36'),
(958, 49, 21, 101, '1.00', '2017-11-23 00:59:00'),
(959, 49, 21, 102, '1.00', '2017-11-23 00:59:12'),
(960, 50, 21, 22, '21.70', '2017-11-23 00:59:15'),
(961, 51, 21, 22, '46.00', '2017-11-23 00:59:17'),
(962, 52, 21, 22, '91739.13', '2017-11-23 00:59:18'),
(963, 49, 21, 103, '1.00', '2017-11-23 00:59:30'),
(964, 49, 21, 104, '1.00', '2017-11-23 00:59:42'),
(965, 49, 21, 105, '1.00', '2017-11-23 00:59:54'),
(966, 50, 21, 23, '21.73', '2017-11-23 00:59:57'),
(967, 51, 21, 23, '45.90', '2017-11-23 00:59:59'),
(968, 52, 21, 23, '91729.09', '2017-11-23 01:00:00'),
(969, 49, 21, 106, '1.00', '2017-11-23 01:00:12'),
(970, 49, 21, 107, '1.00', '2017-11-23 01:00:24'),
(971, 49, 21, 108, '1.00', '2017-11-23 01:00:36'),
(972, 50, 21, 24, '21.68', '2017-11-23 01:00:39'),
(973, 51, 21, 24, '46.00', '2017-11-23 01:00:41'),
(974, 52, 21, 24, '91707.51', '2017-11-23 01:00:42'),
(975, 49, 21, 109, '1.00', '2017-11-23 01:00:54'),
(976, 49, 21, 110, '1.00', '2017-11-23 01:01:06'),
(977, 49, 21, 111, '1.00', '2017-11-23 01:01:18'),
(978, 50, 21, 25, '21.65', '2017-11-23 01:01:21'),
(979, 51, 21, 25, '45.60', '2017-11-23 01:01:23'),
(980, 52, 21, 25, '91697.65', '2017-11-23 01:01:24'),
(981, 49, 21, 112, '1.00', '2017-11-23 01:01:36'),
(982, 49, 21, 113, '1.00', '2017-11-23 01:01:48'),
(983, 49, 21, 114, '1.00', '2017-11-23 01:02:00'),
(984, 50, 21, 26, '21.63', '2017-11-23 01:02:07'),
(985, 51, 21, 26, '45.70', '2017-11-23 01:02:09'),
(986, 52, 21, 26, '91679.39', '2017-11-23 01:02:11'),
(987, 49, 21, 115, '1.00', '2017-11-23 01:02:22'),
(988, 49, 21, 116, '1.00', '2017-11-23 01:02:34'),
(989, 49, 21, 117, '1.00', '2017-11-23 01:02:46'),
(990, 50, 21, 27, '21.67', '2017-11-23 01:02:49'),
(991, 51, 21, 27, '45.50', '2017-11-23 01:02:51'),
(992, 52, 21, 27, '91692.65', '2017-11-23 01:02:52'),
(993, 49, 21, 118, '1.00', '2017-11-23 01:02:55'),
(994, 49, 21, 119, '1.00', '2017-11-23 01:02:57'),
(995, 49, 21, 120, '1.00', '2017-11-23 01:03:08'),
(996, 49, 21, 121, '1.00', '2017-11-23 01:03:20'),
(997, 50, 21, 28, '21.70', '2017-11-23 01:03:23'),
(998, 51, 21, 28, '45.40', '2017-11-23 01:03:25'),
(999, 52, 21, 28, '91687.63', '2017-11-23 01:03:26'),
(1000, 49, 21, 122, '1.00', '2017-11-23 01:03:29'),
(1001, 49, 21, 123, '1.00', '2017-11-23 01:03:31'),
(1002, 49, 21, 124, '1.00', '2017-11-23 01:03:42'),
(1003, 49, 21, 125, '1.00', '2017-11-23 01:03:54'),
(1004, 50, 21, 29, '21.68', '2017-11-23 01:03:57'),
(1005, 51, 21, 29, '45.60', '2017-11-23 01:03:59'),
(1006, 52, 21, 29, '91684.21', '2017-11-23 01:04:00'),
(1007, 49, 21, 126, '1.00', '2017-11-23 01:04:10'),
(1008, 49, 21, 127, '1.00', '2017-11-23 01:04:12'),
(1009, 49, 21, 128, '1.00', '2017-11-23 01:04:26'),
(1010, 49, 21, 129, '1.00', '2017-11-23 01:04:37'),
(1011, 49, 21, 130, '1.00', '2017-11-23 01:04:39'),
(1012, 50, 21, 30, '21.67', '2017-11-23 01:04:43'),
(1013, 51, 21, 30, '45.70', '2017-11-23 01:04:44'),
(1014, 52, 21, 30, '91681.55', '2017-11-23 01:04:46'),
(1015, 49, 21, 131, '1.00', '2017-11-23 01:04:53'),
(1016, 49, 21, 132, '1.00', '2017-11-23 01:04:55'),
(1017, 49, 21, 133, '1.00', '2017-11-23 01:04:57'),
(1018, 49, 21, 134, '1.00', '2017-11-23 01:04:59'),
(1019, 49, 21, 135, '1.00', '2017-11-23 01:05:05'),
(1020, 49, 21, 136, '1.00', '2017-11-23 01:05:06'),
(1021, 51, 21, 31, '45.80', '2017-11-23 01:05:15'),
(1022, 52, 21, 31, '91661.86', '2017-11-23 01:05:17'),
(1023, 49, 21, 137, '1.00', '2017-11-23 01:05:22'),
(1024, 49, 21, 138, '1.00', '2017-11-23 01:05:24'),
(1025, 49, 21, 139, '1.00', '2017-11-23 01:05:41'),
(1026, 49, 21, 141, '1.00', '2017-11-23 01:05:48'),
(1027, 50, 21, 32, '21.78', '2017-11-23 01:05:53'),
(1028, 51, 21, 32, '45.60', '2017-11-23 01:05:55'),
(1029, 52, 21, 32, '91720.58', '2017-11-23 01:05:57'),
(1030, 49, 21, 142, '1.00', '2017-11-23 01:05:59'),
(1031, 49, 21, 143, '1.00', '2017-11-23 01:06:01'),
(1032, 49, 21, 144, '1.00', '2017-11-23 01:06:04'),
(1033, 49, 21, 145, '1.00', '2017-11-23 01:06:05'),
(1034, 49, 21, 146, '1.00', '2017-11-23 01:06:14'),
(1035, 49, 21, 147, '1.00', '2017-11-23 01:06:16'),
(1036, 50, 21, 33, '21.76', '2017-11-23 01:06:21'),
(1037, 51, 21, 33, '45.70', '2017-11-23 01:06:22'),
(1038, 52, 21, 33, '91706.91', '2017-11-23 01:06:24'),
(1039, 49, 21, 148, '1.00', '2017-11-23 01:06:27'),
(1040, 49, 21, 149, '1.00', '2017-11-23 01:06:28'),
(1041, 49, 21, 150, '1.00', '2017-11-23 01:06:40'),
(1042, 49, 21, 151, '1.00', '2017-11-23 01:06:52'),
(1043, 49, 21, 152, '1.00', '2017-11-23 01:06:54'),
(1044, 50, 21, 34, '21.86', '2017-11-23 01:06:57'),
(1045, 51, 21, 34, '46.00', '2017-11-23 01:06:59'),
(1046, 52, 21, 34, '91752.80', '2017-11-23 01:07:00'),
(1047, 49, 21, 153, '1.00', '2017-11-23 01:07:12'),
(1048, 49, 21, 154, '1.00', '2017-11-23 01:07:14'),
(1049, 49, 21, 155, '1.00', '2017-11-23 01:07:26'),
(1050, 49, 21, 156, '1.00', '2017-11-23 01:07:34'),
(1051, 49, 21, 157, '1.00', '2017-11-23 01:07:35'),
(1052, 50, 21, 35, '21.91', '2017-11-23 01:07:39'),
(1053, 51, 21, 35, '45.50', '2017-11-23 01:07:41'),
(1054, 52, 21, 35, '91753.45', '2017-11-23 01:07:43'),
(1055, 49, 21, 158, '1.00', '2017-11-23 01:07:54'),
(1056, 49, 21, 159, '1.00', '2017-11-23 01:08:00'),
(1057, 49, 21, 160, '1.00', '2017-11-23 01:08:02'),
(1058, 49, 21, 161, '1.00', '2017-11-23 01:08:14'),
(1059, 49, 21, 162, '1.00', '2017-11-23 01:08:16'),
(1060, 50, 21, 36, '21.95', '2017-11-23 01:08:20'),
(1061, 51, 21, 36, '45.20', '2017-11-23 01:08:22'),
(1062, 52, 21, 36, '91756.81', '2017-11-23 01:08:23'),
(1063, 49, 21, 163, '1.00', '2017-11-23 01:08:32'),
(1064, 49, 21, 164, '1.00', '2017-11-23 01:08:34'),
(1065, 49, 21, 165, '1.00', '2017-11-23 01:08:49'),
(1066, 49, 21, 166, '1.00', '2017-11-23 01:09:01'),
(1067, 50, 21, 37, '21.90', '2017-11-23 01:09:04'),
(1068, 51, 21, 37, '45.70', '2017-11-23 01:09:06'),
(1069, 52, 21, 37, '91735.95', '2017-11-23 01:09:07'),
(1070, 49, 21, 167, '1.00', '2017-11-23 01:09:10'),
(1071, 49, 21, 168, '1.00', '2017-11-23 01:09:12'),
(1072, 49, 21, 169, '1.00', '2017-11-23 01:09:14'),
(1073, 49, 21, 170, '1.00', '2017-11-23 01:09:16'),
(1074, 50, 21, 38, '21.91', '2017-11-23 01:09:32'),
(1075, 51, 21, 38, '45.70', '2017-11-23 01:09:34'),
(1076, 52, 21, 38, '91749.62', '2017-11-23 01:09:35'),
(1077, 49, 21, 172, '1.00', '2017-11-23 01:09:39'),
(1078, 49, 21, 173, '1.00', '2017-11-23 01:09:40'),
(1079, 49, 21, 174, '1.00', '2017-11-23 01:09:44'),
(1080, 49, 21, 175, '1.00', '2017-11-23 01:09:46'),
(1081, 49, 21, 176, '1.00', '2017-11-23 01:09:50'),
(1082, 49, 21, 177, '1.00', '2017-11-23 01:09:52'),
(1083, 51, 21, 39, '45.80', '2017-11-23 01:09:58'),
(1084, 52, 21, 39, '91734.02', '2017-11-23 01:10:00'),
(1085, 49, 21, 178, '1.00', '2017-11-23 01:10:06'),
(1086, 49, 21, 179, '1.00', '2017-11-23 01:10:07'),
(1087, 49, 21, 180, '1.00', '2017-11-23 01:10:16'),
(1088, 49, 21, 181, '1.00', '2017-11-23 01:10:18'),
(1089, 49, 21, 182, '1.00', '2017-11-23 01:10:38'),
(1090, 49, 21, 183, '1.00', '2017-11-23 01:10:40'),
(1091, 50, 21, 40, '22.18', '2017-11-23 01:10:45'),
(1092, 51, 21, 40, '48.20', '2017-11-23 01:10:47'),
(1093, 52, 21, 40, '91899.76', '2017-11-23 01:10:49'),
(1094, 49, 21, 184, '1.00', '2017-11-23 01:10:51'),
(1095, 49, 21, 185, '1.00', '2017-11-23 01:10:53'),
(1096, 49, 21, 186, '1.00', '2017-11-23 01:10:58'),
(1097, 49, 21, 187, '1.00', '2017-11-23 01:11:00'),
(1098, 49, 21, 189, '1.00', '2017-11-23 01:11:13'),
(1099, 50, 21, 41, '22.19', '2017-11-23 01:11:16'),
(1100, 51, 21, 41, '45.60', '2017-11-23 01:11:18'),
(1101, 52, 21, 41, '91830.27', '2017-11-23 01:11:20'),
(1102, 49, 21, 191, '1.00', '2017-11-23 01:11:24'),
(1103, 49, 21, 192, '1.00', '2017-11-23 01:11:38'),
(1104, 49, 21, 193, '1.00', '2017-11-23 01:11:50'),
(1105, 50, 21, 42, '22.17', '2017-11-23 01:11:53'),
(1106, 51, 21, 42, '45.10', '2017-11-23 01:11:55'),
(1107, 52, 21, 42, '91810.05', '2017-11-23 01:11:56'),
(1108, 49, 21, 194, '1.00', '2017-11-23 01:11:59'),
(1109, 49, 21, 195, '1.00', '2017-11-23 01:12:01'),
(1110, 49, 21, 196, '1.00', '2017-11-23 01:12:12'),
(1111, 49, 21, 197, '1.00', '2017-11-23 01:12:24'),
(1112, 50, 21, 43, '22.21', '2017-11-23 01:12:27'),
(1113, 51, 21, 43, '45.20', '2017-11-23 01:12:29'),
(1114, 52, 21, 43, '91816.81', '2017-11-23 01:12:30'),
(1115, 49, 21, 198, '1.00', '2017-11-23 01:12:38'),
(1116, 49, 21, 199, '1.00', '2017-11-23 01:12:40'),
(1117, 49, 21, 200, '1.00', '2017-11-23 01:12:55'),
(1118, 49, 21, 201, '1.00', '2017-11-23 01:13:07'),
(1119, 50, 21, 44, '22.22', '2017-11-23 01:13:10'),
(1120, 50, 21, 44, '22.22', '2017-11-23 01:13:10'),
(1121, 51, 21, 44, '44.70', '2017-11-23 01:13:12'),
(1122, 52, 21, 44, '91801.95', '2017-11-23 01:13:14'),
(1123, 49, 21, 202, '1.00', '2017-11-23 01:13:16'),
(1124, 49, 21, 203, '1.00', '2017-11-23 01:13:18'),
(1125, 49, 21, 204, '1.00', '2017-11-23 01:13:30'),
(1126, 49, 21, 205, '1.00', '2017-11-23 01:13:42'),
(1127, 50, 21, 45, '22.20', '2017-11-23 01:13:45'),
(1128, 51, 21, 45, '45.00', '2017-11-23 01:13:47'),
(1129, 52, 21, 45, '91798.53', '2017-11-23 01:13:48'),
(1130, 49, 21, 206, '1.00', '2017-11-23 01:13:51'),
(1131, 49, 21, 207, '1.00', '2017-11-23 01:13:53'),
(1132, 49, 21, 208, '1.00', '2017-11-23 01:14:07'),
(1133, 49, 21, 209, '1.00', '2017-11-23 01:14:13'),
(1134, 49, 21, 210, '1.00', '2017-11-23 01:14:15'),
(1135, 50, 21, 46, '22.18', '2017-11-23 01:14:18'),
(1136, 51, 21, 46, '44.60', '2017-11-23 01:14:19'),
(1137, 52, 21, 46, '91775.30', '2017-11-23 01:14:21'),
(1138, 49, 21, 211, '1.00', '2017-11-23 01:14:33'),
(1139, 49, 21, 212, '1.00', '2017-11-23 01:14:45'),
(1140, 49, 21, 213, '1.00', '2017-11-23 01:14:57'),
(1141, 50, 21, 47, '22.20', '2017-11-23 01:15:00'),
(1142, 51, 21, 47, '44.60', '2017-11-23 01:15:02'),
(1143, 52, 21, 47, '91784.00', '2017-11-23 01:15:03'),
(1144, 49, 21, 214, '1.00', '2017-11-23 01:15:15'),
(1145, 49, 21, 215, '1.00', '2017-11-23 01:15:27'),
(1146, 49, 21, 216, '1.00', '2017-11-23 01:15:39'),
(1147, 50, 21, 48, '22.18', '2017-11-23 01:15:43'),
(1148, 51, 21, 48, '44.70', '2017-11-23 01:15:45'),
(1149, 52, 21, 48, '91767.28', '2017-11-23 01:15:47'),
(1150, 49, 21, 217, '1.00', '2017-11-23 01:15:58'),
(1151, 49, 21, 218, '1.00', '2017-11-23 01:16:00'),
(1152, 49, 21, 219, '1.00', '2017-11-23 01:16:03'),
(1153, 49, 21, 220, '1.00', '2017-11-23 01:16:04'),
(1154, 49, 21, 221, '1.00', '2017-11-23 01:16:26'),
(1155, 50, 21, 49, '22.14', '2017-11-23 01:16:29'),
(1156, 51, 21, 49, '45.90', '2017-11-23 01:16:31'),
(1157, 52, 21, 49, '91776.16', '2017-11-23 01:16:32'),
(1158, 49, 21, 222, '1.00', '2017-11-23 01:16:44'),
(1159, 49, 21, 223, '1.00', '2017-11-23 01:16:56'),
(1160, 49, 21, 224, '1.00', '2017-11-23 01:17:08'),
(1161, 50, 21, 50, '22.18', '2017-11-23 01:17:11'),
(1162, 51, 21, 50, '45.80', '2017-11-23 01:17:13'),
(1163, 52, 21, 50, '91788.67', '2017-11-23 01:17:14'),
(1164, 49, 21, 225, '1.00', '2017-11-23 01:17:26'),
(1165, 49, 21, 226, '1.00', '2017-11-23 01:17:35'),
(1166, 49, 21, 227, '1.00', '2017-11-23 01:17:37'),
(1167, 49, 21, 228, '1.00', '2017-11-23 01:17:52'),
(1168, 50, 21, 51, '22.14', '2017-11-23 01:17:55'),
(1169, 51, 21, 51, '45.10', '2017-11-23 01:17:57'),
(1170, 52, 21, 51, '91756.69', '2017-11-23 01:17:58'),
(1171, 49, 21, 229, '1.00', '2017-11-23 01:18:07'),
(1172, 49, 21, 230, '1.00', '2017-11-23 01:18:09'),
(1173, 49, 21, 231, '1.00', '2017-11-23 01:18:27'),
(1174, 49, 21, 232, '1.00', '2017-11-23 01:18:29'),
(1175, 49, 21, 233, '1.00', '2017-11-23 01:18:41'),
(1176, 50, 21, 52, '22.09', '2017-11-23 01:18:44'),
(1177, 51, 21, 52, '45.00', '2017-11-23 01:18:46'),
(1178, 52, 21, 52, '91741.91', '2017-11-23 01:18:47'),
(1179, 49, 21, 234, '1.00', '2017-11-23 01:18:59'),
(1180, 49, 21, 235, '1.00', '2017-11-23 01:19:03'),
(1181, 49, 21, 236, '1.00', '2017-11-23 01:19:05'),
(1182, 49, 21, 237, '1.00', '2017-11-23 01:19:16'),
(1183, 50, 21, 53, '22.09', '2017-11-23 01:19:19'),
(1184, 51, 21, 53, '44.80', '2017-11-23 01:19:21'),
(1185, 52, 21, 53, '91746.08', '2017-11-23 01:19:22'),
(1186, 49, 21, 238, '1.00', '2017-11-23 01:19:25'),
(1187, 49, 21, 239, '1.00', '2017-11-23 01:19:27'),
(1188, 49, 21, 240, '1.00', '2017-11-23 01:19:30');
INSERT INTO `sensor_waspmote` (`id`, `id_sensor`, `id_waspmote`, `reading_count`, `reading_value`, `reading_time`) VALUES
(1189, 49, 21, 241, '1.00', '2017-11-23 01:19:32'),
(1190, 49, 21, 242, '1.00', '2017-11-23 01:19:47'),
(1191, 50, 21, 54, '22.03', '2017-11-23 01:19:55'),
(1192, 51, 21, 54, '45.30', '2017-11-23 01:19:57'),
(1193, 52, 21, 54, '91723.41', '2017-11-23 01:19:59'),
(1194, 49, 21, 243, '1.00', '2017-11-23 01:20:10'),
(1195, 49, 21, 244, '1.00', '2017-11-23 01:20:18'),
(1196, 49, 21, 245, '1.00', '2017-11-23 01:20:19'),
(1197, 49, 21, 246, '1.00', '2017-11-23 01:20:32'),
(1198, 50, 21, 55, '22.12', '2017-11-23 01:20:36'),
(1199, 51, 21, 55, '45.00', '2017-11-23 01:20:38'),
(1200, 52, 21, 55, '91757.11', '2017-11-23 01:20:40'),
(1201, 49, 21, 247, '1.00', '2017-11-23 01:20:52'),
(1202, 49, 21, 248, '1.00', '2017-11-23 01:20:54'),
(1203, 49, 21, 249, '1.00', '2017-11-23 01:21:06'),
(1204, 49, 21, 250, '1.00', '2017-11-23 01:21:10'),
(1205, 49, 21, 251, '1.00', '2017-11-23 01:21:12'),
(1206, 50, 21, 56, '22.12', '2017-11-23 01:21:16'),
(1207, 51, 21, 56, '44.80', '2017-11-23 01:21:17'),
(1208, 52, 21, 56, '91747.59', '2017-11-23 01:21:19'),
(1209, 49, 21, 252, '1.00', '2017-11-23 01:21:22'),
(1210, 49, 21, 253, '1.00', '2017-11-23 01:21:24'),
(1211, 49, 21, 254, '1.00', '2017-11-23 01:21:26'),
(1212, 49, 21, 255, '1.00', '2017-11-23 01:21:28'),
(1213, 49, 21, 256, '1.00', '2017-11-23 01:21:33'),
(1214, 49, 21, 257, '1.00', '2017-11-23 01:21:35'),
(1215, 50, 21, 57, '22.14', '2017-11-23 01:21:38'),
(1216, 51, 21, 57, '44.90', '2017-11-23 01:21:40'),
(1217, 52, 21, 57, '91752.11', '2017-11-23 01:21:41'),
(1218, 49, 21, 258, '1.00', '2017-11-23 01:21:45'),
(1219, 49, 21, 259, '1.00', '2017-11-23 01:21:47'),
(1220, 49, 21, 260, '1.00', '2017-11-23 01:21:49'),
(1221, 49, 21, 261, '1.00', '2017-11-23 01:21:51'),
(1222, 49, 21, 262, '1.00', '2017-11-23 01:21:54'),
(1223, 49, 21, 263, '1.00', '2017-11-23 01:21:55'),
(1224, 50, 21, 58, '22.18', '2017-11-23 01:22:03'),
(1225, 51, 21, 58, '44.90', '2017-11-23 01:22:05'),
(1226, 52, 21, 58, '91767.28', '2017-11-23 01:22:06'),
(1227, 49, 21, 264, '1.00', '2017-11-23 01:22:14'),
(1228, 49, 21, 265, '1.00', '2017-11-23 01:22:16'),
(1229, 49, 21, 266, '1.00', '2017-11-23 01:22:30'),
(1230, 49, 21, 267, '1.00', '2017-11-23 01:22:42'),
(1231, 50, 21, 59, '22.14', '2017-11-23 01:22:45'),
(1232, 51, 21, 59, '44.80', '2017-11-23 01:22:47'),
(1233, 52, 21, 59, '91752.11', '2017-11-23 01:22:48'),
(1234, 49, 21, 268, '1.00', '2017-11-23 01:22:51'),
(1235, 49, 21, 269, '1.00', '2017-11-23 01:22:53'),
(1236, 49, 21, 270, '1.00', '2017-11-23 01:22:59'),
(1237, 49, 21, 271, '1.00', '2017-11-23 01:23:01'),
(1238, 49, 21, 272, '1.00', '2017-11-23 01:23:09'),
(1239, 49, 21, 273, '1.00', '2017-11-23 01:23:10'),
(1240, 50, 21, 60, '22.05', '2017-11-23 01:23:15'),
(1241, 51, 21, 60, '45.40', '2017-11-23 01:23:17'),
(1242, 52, 21, 60, '91721.05', '2017-11-23 01:23:19'),
(1243, 49, 21, 274, '1.00', '2017-11-23 01:23:30'),
(1244, 49, 21, 275, '1.00', '2017-11-23 01:23:32'),
(1245, 49, 21, 276, '1.00', '2017-11-23 01:23:40'),
(1246, 49, 21, 277, '1.00', '2017-11-23 01:23:42'),
(1247, 49, 21, 278, '1.00', '2017-11-23 01:24:03'),
(1248, 49, 21, 279, '1.00', '2017-11-23 01:24:05'),
(1249, 50, 21, 61, '27.86', '2017-11-23 01:24:08'),
(1250, 51, 21, 61, '73.50', '2017-11-23 01:24:10'),
(1251, 52, 21, 61, '94069.29', '2017-11-23 01:24:11'),
(1252, 49, 21, 280, '1.00', '2017-11-23 01:24:17'),
(1253, 49, 21, 281, '1.00', '2017-11-23 01:24:19'),
(1254, 49, 21, 282, '1.00', '2017-11-23 01:24:37'),
(1255, 49, 21, 283, '1.00', '2017-11-23 01:24:48'),
(1256, 49, 21, 284, '1.00', '2017-11-23 01:24:49'),
(1257, 50, 21, 62, '23.54', '2017-11-23 01:24:52'),
(1258, 51, 21, 62, '46.20', '2017-11-23 01:24:54'),
(1259, 52, 21, 62, '92205.16', '2017-11-23 01:24:55'),
(1260, 49, 21, 285, '1.00', '2017-11-23 01:24:58'),
(1261, 49, 21, 286, '1.00', '2017-11-23 01:25:00'),
(1262, 49, 21, 287, '1.00', '2017-11-23 01:25:20'),
(1263, 49, 21, 288, '1.00', '2017-11-23 01:25:23'),
(1264, 49, 21, 289, '1.00', '2017-11-23 01:25:25'),
(1265, 50, 21, 63, '22.81', '2017-11-23 01:25:28'),
(1266, 51, 21, 63, '44.90', '2017-11-23 01:25:29'),
(1267, 52, 21, 63, '91926.15', '2017-11-23 01:25:31'),
(1268, 49, 21, 290, '1.00', '2017-11-23 01:25:42'),
(1269, 49, 21, 291, '1.00', '2017-11-23 01:25:44'),
(1270, 49, 21, 292, '1.00', '2017-11-23 01:25:47'),
(1271, 49, 21, 293, '1.00', '2017-11-23 01:25:48'),
(1272, 49, 21, 294, '1.00', '2017-11-23 01:26:01'),
(1273, 49, 21, 295, '1.00', '2017-11-23 01:26:03'),
(1274, 50, 21, 64, '22.58', '2017-11-23 01:26:11'),
(1275, 51, 21, 64, '44.70', '2017-11-23 01:26:13'),
(1276, 52, 21, 64, '91854.88', '2017-11-23 01:26:15'),
(1277, 49, 21, 296, '1.00', '2017-11-23 01:26:17'),
(1278, 49, 21, 297, '1.00', '2017-11-23 01:26:19'),
(1279, 49, 21, 298, '1.00', '2017-11-23 01:26:28'),
(1280, 49, 21, 299, '1.00', '2017-11-23 01:26:29'),
(1281, 50, 21, 65, '22.55', '2017-11-23 01:26:56'),
(1282, 51, 21, 65, '44.70', '2017-11-23 01:26:58'),
(1283, 52, 21, 65, '91844.27', '2017-11-23 01:26:59'),
(1284, 49, 21, 302, '1.00', '2017-11-23 01:27:02'),
(1285, 49, 21, 303, '1.00', '2017-11-23 01:27:04'),
(1286, 49, 21, 304, '1.00', '2017-11-23 01:27:08'),
(1287, 49, 21, 305, '1.00', '2017-11-23 01:27:10'),
(1288, 49, 21, 306, '1.00', '2017-11-23 01:27:23'),
(1289, 49, 21, 307, '1.00', '2017-11-23 01:27:25'),
(1290, 50, 21, 66, '22.56', '2017-11-23 01:27:27'),
(1291, 51, 21, 66, '44.90', '2017-11-23 01:27:29'),
(1292, 52, 21, 66, '91861.42', '2017-11-23 01:27:31'),
(1293, 49, 21, 308, '1.00', '2017-11-23 01:27:33'),
(1294, 49, 21, 309, '1.00', '2017-11-23 01:27:35'),
(1295, 49, 21, 310, '1.00', '2017-11-23 01:27:40'),
(1296, 49, 21, 311, '1.00', '2017-11-23 01:27:41'),
(1297, 49, 21, 312, '1.00', '2017-11-23 01:27:44'),
(1298, 49, 21, 313, '1.00', '2017-11-23 01:27:46'),
(1299, 50, 21, 67, '22.61', '2017-11-23 01:27:53'),
(1300, 51, 21, 67, '45.20', '2017-11-23 01:27:55'),
(1301, 52, 21, 67, '91867.42', '2017-11-23 01:27:56'),
(1302, 49, 21, 314, '1.00', '2017-11-23 01:27:59'),
(1303, 49, 21, 315, '1.00', '2017-11-23 01:28:01'),
(1304, 49, 21, 316, '1.00', '2017-11-23 01:28:13'),
(1305, 49, 21, 317, '1.00', '2017-11-23 01:28:17'),
(1306, 49, 21, 318, '1.00', '2017-11-23 01:28:19'),
(1307, 50, 21, 68, '22.61', '2017-11-23 01:28:22'),
(1308, 51, 21, 68, '44.40', '2017-11-23 01:28:24'),
(1309, 52, 21, 68, '91858.64', '2017-11-23 01:28:25'),
(1310, 49, 21, 319, '1.00', '2017-11-23 01:28:37'),
(1311, 49, 21, 320, '1.00', '2017-11-23 01:28:49'),
(1312, 49, 21, 321, '1.00', '2017-11-23 01:29:01'),
(1313, 50, 21, 69, '22.60', '2017-11-23 01:29:04'),
(1314, 51, 21, 69, '44.10', '2017-11-23 01:29:06'),
(1315, 52, 21, 69, '91845.27', '2017-11-23 01:29:07'),
(1316, 49, 21, 322, '1.00', '2017-11-23 01:29:19'),
(1317, 49, 21, 323, '1.00', '2017-11-23 01:29:27'),
(1318, 49, 21, 324, '1.00', '2017-11-23 01:29:29'),
(1319, 49, 21, 325, '1.00', '2017-11-23 01:29:33'),
(1320, 49, 21, 326, '1.00', '2017-11-23 01:29:34'),
(1321, 50, 21, 70, '22.63', '2017-11-23 01:29:37'),
(1322, 51, 21, 70, '44.60', '2017-11-23 01:29:39'),
(1323, 52, 21, 70, '91863.89', '2017-11-23 01:29:41'),
(1324, 49, 21, 327, '1.00', '2017-11-23 01:29:43'),
(1325, 49, 21, 328, '1.00', '2017-11-23 01:29:45'),
(1326, 49, 21, 329, '1.00', '2017-11-23 01:30:00'),
(1327, 49, 21, 330, '1.00', '2017-11-23 01:30:01'),
(1328, 49, 21, 331, '1.00', '2017-11-23 01:30:04'),
(1329, 49, 21, 332, '1.00', '2017-11-23 01:30:06'),
(1330, 50, 21, 71, '22.65', '2017-11-23 01:30:13'),
(1331, 50, 21, 71, '22.65', '2017-11-23 01:30:14'),
(1332, 51, 21, 71, '44.20', '2017-11-23 01:30:15'),
(1333, 52, 21, 71, '91865.00', '2017-11-23 01:30:17'),
(1334, 49, 21, 333, '1.00', '2017-11-23 01:30:20'),
(1335, 49, 21, 334, '1.00', '2017-11-23 01:30:22'),
(1336, 49, 21, 335, '1.00', '2017-11-23 01:30:25'),
(1337, 49, 21, 336, '1.00', '2017-11-23 01:30:26'),
(1338, 49, 21, 337, '1.00', '2017-11-23 01:30:39'),
(1339, 50, 21, 72, '22.66', '2017-11-23 01:30:42'),
(1340, 51, 21, 72, '43.70', '2017-11-23 01:30:44'),
(1341, 52, 21, 72, '91865.31', '2017-11-23 01:30:46'),
(1342, 49, 21, 338, '1.00', '2017-11-23 01:30:48'),
(1343, 49, 21, 339, '1.00', '2017-11-23 01:30:50'),
(1344, 49, 21, 340, '1.00', '2017-11-23 01:31:01'),
(1345, 49, 21, 341, '1.00', '2017-11-23 01:31:13'),
(1346, 49, 21, 342, '1.00', '2017-11-23 01:31:15'),
(1347, 50, 21, 73, '22.69', '2017-11-23 01:31:21'),
(1348, 51, 21, 73, '43.80', '2017-11-23 01:31:23'),
(1349, 52, 21, 73, '91868.75', '2017-11-23 01:31:24'),
(1350, 49, 21, 343, '1.00', '2017-11-23 01:31:27'),
(1351, 49, 21, 344, '1.00', '2017-11-23 01:31:29'),
(1352, 49, 21, 345, '1.00', '2017-11-23 01:31:41'),
(1353, 49, 21, 346, '1.00', '2017-11-23 01:31:52'),
(1354, 49, 21, 347, '1.00', '2017-11-23 01:31:54'),
(1355, 50, 21, 74, '22.69', '2017-11-23 01:31:56'),
(1356, 51, 21, 74, '43.80', '2017-11-23 01:31:58'),
(1357, 52, 21, 74, '91862.64', '2017-11-23 01:32:00'),
(1358, 49, 21, 348, '1.00', '2017-11-23 01:32:11'),
(1359, 49, 21, 349, '1.00', '2017-11-23 01:32:23'),
(1360, 49, 21, 350, '1.00', '2017-11-23 01:32:35'),
(1361, 50, 21, 75, '22.63', '2017-11-23 01:32:38'),
(1362, 51, 21, 75, '43.60', '2017-11-23 01:32:40'),
(1363, 52, 21, 75, '91847.11', '2017-11-23 01:32:41'),
(1364, 49, 21, 351, '1.00', '2017-11-23 01:32:47'),
(1365, 49, 21, 352, '1.00', '2017-11-23 01:32:49'),
(1366, 49, 21, 353, '1.00', '2017-11-23 01:33:02'),
(1367, 49, 21, 354, '1.00', '2017-11-23 01:33:09'),
(1368, 49, 21, 355, '1.00', '2017-11-23 01:33:10'),
(1369, 50, 21, 76, '22.60', '2017-11-23 01:33:13'),
(1370, 51, 21, 76, '43.70', '2017-11-23 01:33:15'),
(1371, 52, 21, 76, '91825.80', '2017-11-23 01:33:17'),
(1372, 49, 21, 356, '1.00', '2017-11-23 01:33:28'),
(1373, 49, 21, 357, '1.00', '2017-11-23 01:33:31'),
(1374, 49, 21, 358, '1.00', '2017-11-23 01:33:33'),
(1375, 49, 21, 359, '1.00', '2017-11-23 01:33:46'),
(1376, 50, 21, 77, '22.56', '2017-11-23 01:34:02'),
(1377, 51, 21, 77, '44.20', '2017-11-23 01:34:04'),
(1378, 52, 21, 77, '91824.39', '2017-11-23 01:34:05'),
(1379, 49, 21, 360, '1.00', '2017-11-23 01:34:17'),
(1380, 49, 21, 361, '1.00', '2017-11-23 01:34:18'),
(1381, 49, 21, 362, '1.00', '2017-11-23 01:34:22'),
(1382, 49, 21, 363, '1.00', '2017-11-23 01:34:23'),
(1383, 49, 21, 364, '1.00', '2017-11-23 01:34:39'),
(1384, 51, 21, 78, '43.70', '2017-11-23 01:34:44'),
(1385, 52, 21, 78, '91819.80', '2017-11-23 01:34:45'),
(1386, 49, 21, 365, '1.00', '2017-11-23 01:34:49'),
(1387, 49, 21, 366, '1.00', '2017-11-23 01:34:50'),
(1388, 49, 21, 367, '1.00', '2017-11-23 01:35:05'),
(1389, 49, 21, 368, '1.00', '2017-11-23 01:35:06'),
(1390, 49, 21, 369, '1.00', '2017-11-23 01:35:41'),
(1391, 49, 21, 370, '1.00', '2017-11-23 01:35:42'),
(1392, 50, 21, 79, '22.60', '2017-11-23 01:35:49'),
(1393, 51, 21, 79, '44.20', '2017-11-23 01:35:51'),
(1394, 52, 21, 79, '91845.27', '2017-11-23 01:35:53'),
(1395, 49, 21, 371, '1.00', '2017-11-23 01:35:55'),
(1396, 49, 21, 372, '1.00', '2017-11-23 01:35:57'),
(1397, 49, 21, 373, '1.00', '2017-11-23 01:36:00'),
(1398, 49, 21, 374, '1.00', '2017-11-23 01:36:01'),
(1399, 49, 21, 375, '1.00', '2017-11-23 01:36:17'),
(1400, 50, 21, 80, '22.63', '2017-11-23 01:36:20'),
(1401, 51, 21, 80, '44.00', '2017-11-23 01:36:22'),
(1402, 52, 21, 80, '91841.76', '2017-11-23 01:36:23'),
(1403, 49, 21, 376, '1.00', '2017-11-23 01:36:35'),
(1404, 49, 21, 377, '1.00', '2017-11-23 01:36:47'),
(1405, 49, 21, 378, '1.00', '2017-11-23 01:36:59'),
(1406, 50, 21, 81, '22.74', '2017-11-23 01:37:02'),
(1407, 51, 21, 81, '43.70', '2017-11-23 01:37:04'),
(1408, 52, 21, 81, '91874.33', '2017-11-23 01:37:05'),
(1409, 49, 21, 379, '1.00', '2017-11-23 01:37:17'),
(1410, 49, 21, 380, '1.00', '2017-11-23 01:37:29'),
(1411, 49, 21, 381, '1.00', '2017-11-23 01:37:41'),
(1412, 50, 21, 82, '22.81', '2017-11-23 01:37:44'),
(1413, 51, 21, 82, '43.30', '2017-11-23 01:37:46'),
(1414, 52, 21, 82, '91890.20', '2017-11-23 01:37:47'),
(1415, 49, 21, 382, '1.00', '2017-11-23 01:37:50'),
(1416, 49, 21, 383, '1.00', '2017-11-23 01:37:52'),
(1417, 49, 21, 384, '1.00', '2017-11-23 01:38:00'),
(1418, 49, 21, 385, '1.00', '2017-11-23 01:38:01'),
(1419, 49, 21, 386, '1.00', '2017-11-23 01:38:08'),
(1420, 49, 21, 387, '1.00', '2017-11-23 01:38:10'),
(1421, 50, 21, 83, '22.66', '2017-11-23 01:38:13'),
(1422, 51, 21, 83, '43.60', '2017-11-23 01:38:14'),
(1423, 52, 21, 83, '91834.81', '2017-11-23 01:38:16'),
(1424, 49, 21, 388, '1.00', '2017-11-23 01:38:19'),
(1425, 49, 21, 5, '1.00', '2017-11-23 20:18:57'),
(1426, 49, 21, 6, '1.00', '2017-11-23 20:19:09'),
(1427, 49, 21, 7, '1.00', '2017-11-23 20:19:21'),
(1428, 50, 21, 2, '18.89', '2017-11-23 20:19:24'),
(1429, 51, 21, 2, '53.50', '2017-11-23 20:19:27'),
(1430, 52, 21, 2, '93009.53', '2017-11-23 20:19:30'),
(1431, 49, 21, 8, '1.00', '2017-11-23 20:19:42'),
(1432, 49, 21, 9, '1.00', '2017-11-23 20:19:53'),
(1433, 49, 21, 10, '1.00', '2017-11-23 20:20:02'),
(1434, 49, 21, 11, '1.00', '2017-11-23 20:20:10'),
(1435, 49, 21, 12, '1.00', '2017-11-23 20:20:12'),
(1436, 50, 21, 3, '18.93', '2017-11-23 20:20:16'),
(1437, 51, 21, 3, '57.90', '2017-11-23 20:20:18'),
(1438, 52, 21, 3, '93138.75', '2017-11-23 20:20:19'),
(1439, 49, 21, 13, '1.00', '2017-11-23 20:20:32'),
(1440, 49, 21, 14, '1.00', '2017-11-23 20:20:34'),
(1441, 49, 21, 15, '1.00', '2017-11-23 20:20:36'),
(1442, 49, 21, 17, '1.00', '2017-11-23 20:21:06'),
(1443, 50, 21, 4, '19.31', '2017-11-23 20:21:09'),
(1444, 51, 21, 4, '58.50', '2017-11-23 20:21:11'),
(1445, 52, 21, 4, '93318.50', '2017-11-23 20:21:13'),
(1446, 49, 21, 18, '1.00', '2017-11-23 20:21:25'),
(1447, 49, 21, 19, '1.00', '2017-11-23 20:21:28'),
(1448, 49, 21, 20, '1.00', '2017-11-23 20:21:30'),
(1449, 50, 21, 2, '20.50', '2017-11-23 20:28:58'),
(1450, 51, 21, 2, '54.10', '2017-11-23 20:29:00'),
(1451, 52, 21, 2, '93583.86', '2017-11-23 20:29:03'),
(1452, 52, 21, 3, '93476.32', '2017-11-23 20:29:45'),
(1453, 50, 21, 4, '20.20', '2017-11-23 20:30:14'),
(1454, 51, 21, 4, '51.70', '2017-11-23 20:30:16'),
(1455, 51, 21, 5, '52.60', '2017-11-23 20:30:57'),
(1456, 49, 21, 8, '1.00', '2017-11-23 20:31:57'),
(1457, 49, 21, 9, '1.00', '2017-11-23 20:32:12'),
(1458, 50, 21, 7, '20.01', '2017-11-23 20:32:21'),
(1459, 51, 21, 7, '57.60', '2017-11-23 20:32:22'),
(1460, 52, 21, 7, '93506.44', '2017-11-23 20:32:24'),
(1461, 49, 21, 10, '1.00', '2017-11-23 20:32:29'),
(1462, 49, 21, 11, '1.00', '2017-11-23 20:32:49'),
(1463, 50, 21, 8, '19.95', '2017-11-23 20:32:53'),
(1464, 51, 21, 8, '55.90', '2017-11-23 20:32:55'),
(1465, 52, 21, 8, '93434.44', '2017-11-23 20:32:56'),
(1466, 49, 21, 13, '1.00', '2017-11-23 20:33:13'),
(1467, 50, 21, 9, '20.05', '2017-11-23 20:33:31'),
(1468, 51, 21, 9, '55.60', '2017-11-23 20:33:32'),
(1469, 52, 21, 9, '93463.84', '2017-11-23 20:33:34'),
(1470, 49, 21, 14, '1.00', '2017-11-23 20:33:37'),
(1471, 50, 21, 10, '20.07', '2017-11-23 20:34:00'),
(1472, 51, 21, 10, '55.50', '2017-11-23 20:34:01'),
(1473, 52, 21, 10, '93473.76', '2017-11-23 20:34:03'),
(1474, 49, 21, 15, '1.00', '2017-11-23 20:34:06'),
(1475, 49, 21, 16, '1.00', '2017-11-23 20:34:10'),
(1476, 50, 21, 11, '20.16', '2017-11-23 20:34:28'),
(1477, 51, 21, 11, '55.60', '2017-11-23 20:34:29'),
(1478, 52, 21, 11, '93504.68', '2017-11-23 20:34:31'),
(1479, 50, 21, 12, '20.26', '2017-11-23 20:35:05'),
(1480, 51, 21, 12, '55.40', '2017-11-23 20:35:06'),
(1481, 52, 21, 12, '93540.19', '2017-11-23 20:35:08'),
(1482, 51, 21, 13, '55.10', '2017-11-23 20:35:42'),
(1483, 52, 21, 13, '93527.99', '2017-11-23 20:35:44'),
(1484, 49, 21, 17, '1.00', '2017-11-23 20:35:53'),
(1485, 49, 21, 18, '1.00', '2017-11-23 20:36:03'),
(1486, 49, 21, 19, '1.00', '2017-11-23 20:36:09'),
(1487, 49, 21, 1, '1.00', '2017-11-23 23:49:41'),
(1488, 51, 21, 1, '56.90', '2017-11-23 23:50:06'),
(1489, 52, 21, 1, '93106.64', '2017-11-23 23:50:07'),
(1490, 50, 21, 2, '18.05', '2017-11-23 23:50:40'),
(1491, 51, 21, 2, '57.00', '2017-11-23 23:50:42'),
(1492, 52, 21, 2, '93120.33', '2017-11-23 23:50:43'),
(1493, 49, 21, 2, '1.00', '2017-11-23 23:50:50'),
(1494, 50, 21, 3, '17.66', '2017-11-23 23:51:16'),
(1495, 51, 21, 3, '58.00', '2017-11-23 23:51:18'),
(1496, 52, 21, 3, '92992.06', '2017-11-23 23:51:19'),
(1497, 50, 21, 4, '17.50', '2017-11-23 23:51:52'),
(1498, 51, 21, 4, '58.70', '2017-11-23 23:51:54'),
(1499, 52, 21, 4, '92968.39', '2017-11-23 23:51:55'),
(1500, 50, 21, 5, '17.45', '2017-11-23 23:52:29'),
(1501, 51, 21, 5, '59.00', '2017-11-23 23:52:31'),
(1502, 52, 21, 5, '92962.63', '2017-11-23 23:52:32'),
(1503, 51, 21, 6, '59.50', '2017-11-23 23:53:07'),
(1504, 52, 21, 6, '92878.18', '2017-11-23 23:53:08'),
(1505, 50, 21, 7, '16.91', '2017-11-23 23:53:41'),
(1506, 51, 21, 7, '60.30', '2017-11-23 23:53:43'),
(1507, 52, 21, 7, '92806.28', '2017-11-23 23:53:44'),
(1508, 50, 21, 8, '16.64', '2017-11-23 23:54:18'),
(1509, 51, 21, 8, '61.20', '2017-11-23 23:54:20'),
(1510, 52, 21, 8, '92754.91', '2017-11-23 23:54:21'),
(1511, 50, 21, 9, '16.48', '2017-11-23 23:54:55'),
(1512, 51, 21, 9, '61.90', '2017-11-23 23:54:57'),
(1513, 52, 21, 9, '92737.34', '2017-11-23 23:54:59'),
(1514, 50, 21, 10, '16.33', '2017-11-23 23:55:32'),
(1515, 51, 21, 10, '62.40', '2017-11-23 23:55:34'),
(1516, 52, 21, 10, '92704.58', '2017-11-23 23:55:35'),
(1517, 50, 21, 11, '16.25', '2017-11-23 23:56:09'),
(1518, 51, 21, 11, '63.10', '2017-11-23 23:56:11'),
(1519, 52, 21, 11, '92718.48', '2017-11-23 23:56:12'),
(1520, 49, 21, 1, '1.00', '2017-11-24 16:17:17'),
(1521, 49, 21, 2, '1.00', '2017-11-24 16:17:24'),
(1522, 49, 21, 3, '1.00', '2017-11-24 16:17:28'),
(1523, 50, 21, 1, '20.00', '2017-11-24 16:17:31'),
(1524, 51, 21, 1, '54.90', '2017-11-24 16:17:33'),
(1525, 52, 21, 1, '94736.77', '2017-11-24 16:17:34'),
(1526, 49, 21, 4, '1.00', '2017-11-24 16:17:37'),
(1527, 49, 21, 5, '1.00', '2017-11-24 16:17:45'),
(1528, 49, 21, 6, '1.00', '2017-11-24 16:17:51'),
(1529, 50, 21, 2, '20.37', '2017-11-24 16:17:55'),
(1530, 51, 21, 2, '53.90', '2017-11-24 16:17:57'),
(1531, 52, 21, 2, '94829.38', '2017-11-24 16:17:59'),
(1532, 49, 21, 7, '1.00', '2017-11-24 16:18:21'),
(1533, 50, 21, 3, '20.88', '2017-11-24 16:18:30'),
(1534, 51, 21, 3, '52.50', '2017-11-24 16:18:31'),
(1535, 52, 21, 3, '94949.85', '2017-11-24 16:18:33'),
(1536, 49, 21, 8, '1.00', '2017-11-24 16:18:51'),
(1537, 50, 21, 4, '21.19', '2017-11-24 16:19:07'),
(1538, 51, 21, 4, '51.40', '2017-11-24 16:19:08'),
(1539, 52, 21, 4, '95010.33', '2017-11-24 16:19:10'),
(1540, 50, 21, 5, '21.47', '2017-11-24 16:19:43'),
(1541, 51, 21, 5, '51.50', '2017-11-24 16:19:44'),
(1542, 52, 21, 5, '95080.64', '2017-11-24 16:19:46'),
(1543, 50, 21, 6, '21.78', '2017-11-24 16:20:20'),
(1544, 51, 21, 6, '50.30', '2017-11-24 16:20:21'),
(1545, 52, 21, 6, '95155.38', '2017-11-24 16:20:23'),
(1546, 50, 21, 7, '22.11', '2017-11-24 16:20:57'),
(1547, 51, 21, 7, '49.50', '2017-11-24 16:20:58'),
(1548, 52, 21, 7, '95234.66', '2017-11-24 16:21:00'),
(1549, 50, 21, 8, '22.35', '2017-11-24 16:21:34'),
(1550, 51, 21, 8, '49.30', '2017-11-24 16:21:35'),
(1551, 52, 21, 8, '95282.00', '2017-11-24 16:21:37'),
(1552, 50, 21, 9, '22.52', '2017-11-24 16:22:11'),
(1553, 51, 21, 9, '48.80', '2017-11-24 16:22:12'),
(1554, 52, 21, 9, '95310.41', '2017-11-24 16:22:14'),
(1555, 49, 21, 9, '1.00', '2017-11-24 16:22:38'),
(1556, 50, 21, 10, '22.64', '2017-11-24 16:22:41'),
(1557, 51, 21, 10, '48.70', '2017-11-24 16:22:43'),
(1558, 52, 21, 10, '95337.95', '2017-11-24 16:22:44'),
(1559, 50, 21, 11, '22.77', '2017-11-24 16:23:18'),
(1560, 51, 21, 11, '48.30', '2017-11-24 16:23:19'),
(1561, 52, 21, 11, '95358.23', '2017-11-24 16:23:21'),
(1562, 49, 21, 10, '1.00', '2017-11-24 16:23:24'),
(1563, 49, 21, 11, '1.00', '2017-11-24 16:23:33'),
(1564, 50, 21, 12, '22.89', '2017-11-24 16:23:48'),
(1565, 51, 21, 12, '48.10', '2017-11-24 16:23:49'),
(1566, 52, 21, 12, '95383.42', '2017-11-24 16:23:51'),
(1567, 49, 21, 12, '1.00', '2017-11-24 16:23:54'),
(1568, 50, 21, 13, '23.01', '2017-11-24 16:24:19'),
(1569, 51, 21, 13, '48.10', '2017-11-24 16:24:20'),
(1570, 52, 21, 13, '95415.53', '2017-11-24 16:24:22'),
(1571, 49, 21, 13, '1.00', '2017-11-24 16:24:36'),
(1572, 49, 21, 14, '1.00', '2017-11-24 16:24:39'),
(1573, 50, 21, 14, '23.08', '2017-11-24 16:24:42'),
(1574, 51, 21, 14, '48.20', '2017-11-24 16:24:43'),
(1575, 52, 21, 14, '95428.06', '2017-11-24 16:24:45'),
(1576, 49, 21, 15, '1.00', '2017-11-24 16:24:51'),
(1577, 49, 21, 16, '1.00', '2017-11-24 16:24:55'),
(1578, 49, 21, 17, '1.00', '2017-11-24 16:25:04'),
(1579, 50, 21, 15, '23.21', '2017-11-24 16:25:08'),
(1580, 51, 21, 15, '49.90', '2017-11-24 16:25:10'),
(1581, 52, 21, 15, '95494.67', '2017-11-24 16:25:11'),
(1582, 49, 21, 18, '1.00', '2017-11-24 16:25:14'),
(1583, 49, 21, 19, '1.00', '2017-11-24 16:25:21'),
(1584, 49, 21, 20, '1.00', '2017-11-24 16:25:28'),
(1585, 50, 21, 16, '23.25', '2017-11-24 16:25:31'),
(1586, 51, 21, 16, '47.90', '2017-11-24 16:25:33'),
(1587, 52, 21, 16, '95481.38', '2017-11-24 16:25:35'),
(1588, 50, 21, 17, '23.35', '2017-11-24 16:26:08'),
(1589, 51, 21, 17, '48.30', '2017-11-24 16:26:09'),
(1590, 52, 21, 17, '95498.58', '2017-11-24 16:26:11'),
(1591, 49, 21, 21, '1.00', '2017-11-24 16:26:18'),
(1592, 50, 21, 18, '23.45', '2017-11-24 16:26:43'),
(1593, 51, 21, 18, '47.80', '2017-11-24 16:26:44'),
(1594, 52, 21, 18, '95509.94', '2017-11-24 16:26:46'),
(1595, 49, 21, 22, '1.00', '2017-11-24 16:27:13'),
(1596, 50, 21, 19, '23.54', '2017-11-24 16:27:18'),
(1597, 51, 21, 19, '47.70', '2017-11-24 16:27:19'),
(1598, 52, 21, 19, '95523.20', '2017-11-24 16:27:21'),
(1599, 49, 21, 23, '1.00', '2017-11-24 16:27:25'),
(1600, 50, 21, 20, '23.61', '2017-11-24 16:27:49'),
(1601, 51, 21, 20, '47.60', '2017-11-24 16:27:50'),
(1602, 52, 21, 20, '95538.73', '2017-11-24 16:27:52'),
(1603, 51, 21, 21, '47.80', '2017-11-24 16:28:27'),
(1604, 52, 21, 21, '95559.28', '2017-11-24 16:28:29'),
(1605, 50, 21, 22, '23.75', '2017-11-24 16:29:02'),
(1606, 51, 21, 22, '48.60', '2017-11-24 16:29:03'),
(1607, 52, 21, 22, '95571.02', '2017-11-24 16:29:05'),
(1608, 49, 21, 24, '1.00', '2017-11-24 16:29:25'),
(1609, 49, 21, 25, '1.00', '2017-11-24 16:29:30'),
(1610, 50, 21, 23, '23.79', '2017-11-24 16:29:34'),
(1611, 51, 21, 23, '48.10', '2017-11-24 16:29:36'),
(1612, 52, 21, 23, '95573.81', '2017-11-24 16:29:38'),
(1613, 50, 21, 24, '23.85', '2017-11-24 16:30:11'),
(1614, 51, 21, 24, '47.80', '2017-11-24 16:30:12'),
(1615, 52, 21, 24, '95585.87', '2017-11-24 16:30:14'),
(1616, 49, 21, 26, '1.00', '2017-11-24 16:30:18'),
(1617, 49, 21, 1, '1.00', '2017-11-24 16:51:19'),
(1618, 49, 21, 2, '1.00', '2017-11-24 16:51:23'),
(1619, 49, 21, 3, '1.00', '2017-11-24 16:51:25'),
(1620, 50, 21, 1, '24.55', '2017-11-24 16:51:28'),
(1621, 51, 21, 1, '50.80', '2017-11-24 16:51:30'),
(1622, 52, 21, 1, '95715.66', '2017-11-24 16:51:32'),
(1623, 49, 21, 4, '1.00', '2017-11-24 16:51:35'),
(1624, 49, 21, 5, '1.00', '2017-11-24 16:51:43'),
(1625, 49, 21, 6, '1.00', '2017-11-24 16:51:48'),
(1626, 50, 21, 2, '24.65', '2017-11-24 16:52:00'),
(1627, 51, 21, 2, '52.50', '2017-11-24 16:52:02'),
(1628, 52, 21, 2, '95778.52', '2017-11-24 16:52:03'),
(1629, 49, 21, 7, '1.00', '2017-11-24 16:52:06'),
(1630, 49, 21, 8, '1.00', '2017-11-24 16:52:10'),
(1631, 49, 21, 9, '1.00', '2017-11-24 16:52:14'),
(1632, 50, 21, 3, '24.74', '2017-11-24 16:52:23'),
(1633, 51, 21, 3, '51.10', '2017-11-24 16:52:24'),
(1634, 52, 21, 3, '95792.61', '2017-11-24 16:52:26'),
(1635, 49, 21, 10, '1.00', '2017-11-24 16:52:30'),
(1636, 49, 21, 11, '1.00', '2017-11-24 16:52:39'),
(1637, 49, 21, 13, '1.00', '2017-11-24 16:53:12'),
(1638, 49, 21, 14, '1.00', '2017-11-24 16:53:26'),
(1639, 50, 21, 5, '24.81', '2017-11-24 16:53:31'),
(1640, 51, 21, 5, '51.20', '2017-11-24 16:53:32'),
(1641, 52, 21, 5, '95795.50', '2017-11-24 16:53:34'),
(1642, 49, 21, 15, '1.00', '2017-11-24 16:53:41'),
(1643, 49, 21, 16, '1.00', '2017-11-24 16:53:56'),
(1644, 50, 21, 6, '24.84', '2017-11-24 16:54:01'),
(1645, 51, 21, 6, '50.80', '2017-11-24 16:54:03'),
(1646, 52, 21, 6, '95792.12', '2017-11-24 16:54:04'),
(1647, 49, 21, 17, '1.00', '2017-11-24 16:54:08'),
(1648, 49, 21, 18, '1.00', '2017-11-24 16:54:15'),
(1649, 50, 21, 7, '24.94', '2017-11-24 16:54:45'),
(1650, 51, 21, 7, '50.10', '2017-11-24 16:54:46'),
(1651, 52, 21, 7, '95818.18', '2017-11-24 16:54:48'),
(1652, 49, 21, 21, '1.00', '2017-11-24 16:55:05'),
(1653, 49, 21, 22, '1.00', '2017-11-24 16:55:11'),
(1654, 50, 21, 8, '25.00', '2017-11-24 16:55:14'),
(1655, 51, 21, 8, '50.90', '2017-11-24 16:55:16'),
(1656, 52, 21, 8, '95826.00', '2017-11-24 16:55:18'),
(1657, 49, 21, 23, '1.00', '2017-11-24 16:55:20'),
(1658, 49, 21, 24, '1.00', '2017-11-24 16:55:35'),
(1659, 49, 21, 25, '1.00', '2017-11-24 16:55:54'),
(1660, 50, 21, 9, '25.09', '2017-11-24 16:56:05'),
(1661, 51, 21, 9, '50.90', '2017-11-24 16:56:06'),
(1662, 52, 21, 9, '95858.14', '2017-11-24 16:56:08'),
(1663, 49, 21, 26, '1.00', '2017-11-24 16:56:11'),
(1664, 49, 21, 111, '1.00', '2017-11-24 17:37:11'),
(1665, 49, 21, 112, '1.00', '2017-11-24 17:37:19'),
(1666, 49, 21, 1, '1.00', '2017-12-01 15:03:32'),
(1667, 49, 21, 2, '1.00', '2017-12-01 15:03:41'),
(1668, 49, 21, 3, '1.00', '2017-12-01 15:03:51'),
(1669, 51, 21, 1, '63.80', '2017-12-01 15:04:01'),
(1670, 52, 21, 1, '96816.03', '2017-12-01 15:04:03'),
(1671, 49, 21, 4, '1.00', '2017-12-01 15:04:05'),
(1672, 50, 21, 2, '15.56', '2017-12-01 15:04:29'),
(1673, 51, 21, 2, '62.30', '2017-12-01 15:04:31'),
(1674, 52, 21, 2, '96795.71', '2017-12-01 15:04:33'),
(1675, 49, 21, 5, '1.00', '2017-12-01 15:04:35'),
(1676, 49, 21, 6, '1.00', '2017-12-01 15:04:50'),
(1677, 49, 21, 7, '1.00', '2017-12-01 15:05:08'),
(1678, 50, 21, 3, '15.83', '2017-12-01 15:05:12'),
(1679, 51, 21, 3, '61.50', '2017-12-01 15:05:14'),
(1680, 52, 21, 3, '96852.26', '2017-12-01 15:05:16'),
(1681, 49, 21, 8, '1.00', '2017-12-01 15:05:18'),
(1682, 49, 21, 9, '1.00', '2017-12-01 15:05:31'),
(1683, 49, 23, 1, '1.00', '2017-12-19 00:00:00'),
(1684, 50, 21, 4, '15.97', '2017-12-01 15:05:45'),
(1685, 51, 21, 4, '61.10', '2017-12-01 15:05:47'),
(1686, 52, 21, 4, '96870.85', '2017-12-01 15:05:49'),
(1687, 49, 21, 10, '1.00', '2017-12-01 15:05:54'),
(1688, 49, 21, 11, '1.00', '2017-12-01 15:06:02'),
(1689, 49, 21, 12, '1.00', '2017-12-01 15:06:18'),
(1690, 50, 21, 5, '16.17', '2017-12-01 15:06:22'),
(1691, 51, 21, 5, '60.80', '2017-12-01 15:06:23'),
(1692, 52, 21, 5, '96926.36', '2017-12-01 15:06:25'),
(1693, 49, 21, 13, '1.00', '2017-12-01 15:06:43'),
(1694, 49, 21, 14, '1.00', '2017-12-01 15:06:49'),
(1695, 50, 21, 6, '16.31', '2017-12-01 15:06:52'),
(1696, 51, 21, 6, '60.50', '2017-12-01 15:06:54'),
(1697, 52, 21, 6, '96954.00', '2017-12-01 15:06:55'),
(1698, 49, 21, 1, '1.00', '2017-12-12 13:19:22'),
(1699, 49, 21, 2, '1.00', '2017-12-12 13:19:25'),
(1700, 49, 21, 3, '1.00', '2017-12-12 13:19:37'),
(1701, 50, 21, 1, '18.62', '2017-12-12 13:19:43'),
(1702, 51, 21, 1, '70.70', '2017-12-12 13:19:45'),
(1703, 52, 21, 1, '99869.94', '2017-12-12 13:19:47'),
(1704, 49, 21, 4, '1.00', '2017-12-12 13:19:49'),
(1705, 49, 21, 5, '1.00', '2017-12-12 13:19:53'),
(1706, 49, 21, 6, '1.00', '2017-12-12 13:19:59'),
(1707, 50, 21, 2, '18.74', '2017-12-12 13:20:05'),
(1708, 51, 21, 2, '69.50', '2017-12-12 13:20:07'),
(1709, 52, 21, 2, '99854.16', '2017-12-12 13:20:09'),
(1710, 49, 21, 7, '1.00', '2017-12-12 13:20:11'),
(1711, 49, 21, 8, '1.00', '2017-12-12 13:20:20'),
(1712, 49, 21, 9, '1.00', '2017-12-12 13:20:31'),
(1713, 50, 21, 3, '18.91', '2017-12-12 13:20:36'),
(1714, 51, 21, 3, '68.40', '2017-12-12 13:20:38'),
(1715, 52, 21, 3, '99863.42', '2017-12-12 13:20:40'),
(1716, 49, 21, 10, '1.00', '2017-12-12 13:20:44'),
(1717, 49, 21, 11, '1.00', '2017-12-12 13:20:58'),
(1718, 49, 21, 12, '1.00', '2017-12-12 13:21:08'),
(1719, 50, 21, 4, '19.21', '2017-12-12 13:21:15'),
(1720, 51, 21, 4, '67.20', '2017-12-12 13:21:17'),
(1721, 52, 21, 4, '99930.28', '2017-12-12 13:21:19'),
(1722, 49, 21, 13, '1.00', '2017-12-12 13:21:21'),
(1723, 49, 21, 14, '1.00', '2017-12-12 13:21:25'),
(1724, 49, 21, 15, '1.00', '2017-12-12 13:21:40'),
(1725, 50, 21, 5, '19.41', '2017-12-12 13:21:44'),
(1726, 51, 21, 5, '66.40', '2017-12-12 13:21:46'),
(1727, 52, 21, 5, '99962.05', '2017-12-12 13:21:47'),
(1728, 49, 21, 16, '1.00', '2017-12-12 13:21:51'),
(1729, 49, 21, 17, '1.00', '2017-12-12 13:21:54'),
(1730, 49, 21, 18, '1.00', '2017-12-12 13:22:01'),
(1731, 50, 21, 6, '19.64', '2017-12-12 13:22:19'),
(1732, 51, 21, 6, '65.50', '2017-12-12 13:22:20'),
(1733, 52, 21, 6, '100005.95', '2017-12-12 13:22:22'),
(1734, 49, 21, 19, '1.00', '2017-12-12 13:22:25'),
(1735, 50, 21, 7, '19.83', '2017-12-12 13:22:49'),
(1736, 51, 21, 7, '64.90', '2017-12-12 13:22:51'),
(1737, 52, 21, 7, '100014.98', '2017-12-12 13:22:53'),
(1738, 49, 21, 20, '1.00', '2017-12-12 13:23:06'),
(1739, 49, 21, 21, '1.00', '2017-12-12 13:23:17'),
(1740, 50, 21, 8, '19.99', '2017-12-12 13:23:20'),
(1741, 51, 21, 8, '64.40', '2017-12-12 13:23:21'),
(1742, 52, 21, 8, '100061.00', '2017-12-12 13:23:23'),
(1743, 49, 21, 22, '1.00', '2017-12-12 13:23:25'),
(1744, 49, 21, 23, '1.00', '2017-12-12 13:23:29'),
(1745, 49, 21, 24, '1.00', '2017-12-12 13:23:35'),
(1746, 50, 21, 9, '20.07', '2017-12-12 13:23:38'),
(1747, 51, 21, 9, '63.80', '2017-12-12 13:23:39'),
(1748, 52, 21, 9, '100057.07', '2017-12-12 13:23:41'),
(1749, 49, 21, 25, '1.00', '2017-12-12 13:23:58'),
(1750, 50, 21, 10, '20.23', '2017-12-12 13:24:11'),
(1751, 51, 21, 10, '63.40', '2017-12-12 13:24:13'),
(1752, 52, 21, 10, '100071.02', '2017-12-12 13:24:15'),
(1753, 49, 21, 26, '1.00', '2017-12-12 13:24:28'),
(1754, 49, 21, 27, '1.00', '2017-12-12 13:24:37'),
(1755, 50, 21, 11, '20.34', '2017-12-12 13:24:40'),
(1756, 51, 21, 11, '63.70', '2017-12-12 13:24:42'),
(1757, 52, 21, 11, '100103.05', '2017-12-12 13:24:43'),
(1758, 49, 21, 28, '1.00', '2017-12-12 13:24:48'),
(1759, 49, 21, 29, '1.00', '2017-12-12 13:24:55'),
(1760, 49, 21, 30, '1.00', '2017-12-12 13:25:05'),
(1761, 50, 21, 12, '20.43', '2017-12-12 13:25:08'),
(1762, 51, 21, 12, '62.70', '2017-12-12 13:25:10'),
(1763, 52, 21, 12, '100096.44', '2017-12-12 13:25:12'),
(1764, 49, 21, 31, '1.00', '2017-12-12 13:25:18'),
(1765, 49, 21, 32, '1.00', '2017-12-12 13:25:29'),
(1766, 51, 21, 13, '62.10', '2017-12-12 13:25:50'),
(1767, 52, 21, 13, '100093.96', '2017-12-12 13:25:52'),
(1768, 49, 21, 33, '1.00', '2017-12-12 13:25:54'),
(1769, 49, 21, 34, '1.00', '2017-12-12 13:26:08'),
(1770, 49, 21, 35, '1.00', '2017-12-12 13:26:17'),
(1771, 50, 21, 14, '20.68', '2017-12-12 13:26:20'),
(1772, 51, 21, 14, '61.70', '2017-12-12 13:26:22'),
(1773, 52, 21, 14, '100111.82', '2017-12-12 13:26:23'),
(1774, 49, 21, 36, '1.00', '2017-12-12 13:26:26'),
(1775, 50, 21, 15, '20.81', '2017-12-12 13:26:58'),
(1776, 51, 21, 15, '61.30', '2017-12-12 13:27:00'),
(1777, 52, 21, 15, '100129.69', '2017-12-12 13:27:02'),
(1778, 50, 21, 16, '20.87', '2017-12-12 13:27:34'),
(1779, 51, 21, 16, '60.60', '2017-12-12 13:27:36'),
(1780, 52, 21, 16, '100130.48', '2017-12-12 13:27:38'),
(1781, 49, 21, 37, '1.00', '2017-12-12 13:27:40'),
(1782, 49, 21, 38, '1.00', '2017-12-12 13:27:59'),
(1783, 50, 21, 17, '20.96', '2017-12-12 13:28:01'),
(1784, 51, 21, 17, '60.70', '2017-12-12 13:28:03'),
(1785, 52, 21, 17, '100125.14', '2017-12-12 13:28:05'),
(1786, 49, 21, 39, '1.00', '2017-12-12 13:28:08'),
(1787, 50, 21, 18, '21.02', '2017-12-12 13:28:34'),
(1788, 51, 21, 18, '60.60', '2017-12-12 13:28:36'),
(1789, 52, 21, 18, '100138.25', '2017-12-12 13:28:38'),
(1790, 49, 21, 41, '1.00', '2017-12-12 13:28:45'),
(1791, 49, 21, 42, '1.00', '2017-12-12 13:28:49'),
(1792, 50, 21, 19, '21.05', '2017-12-12 13:28:53'),
(1793, 51, 21, 19, '60.60', '2017-12-12 13:28:54'),
(1794, 52, 21, 19, '100153.88', '2017-12-12 13:28:56'),
(1795, 49, 21, 43, '1.00', '2017-12-12 13:28:59'),
(1796, 49, 21, 44, '1.00', '2017-12-12 13:29:12'),
(1797, 50, 21, 20, '21.11', '2017-12-12 13:29:18'),
(1798, 51, 21, 20, '60.30', '2017-12-12 13:29:20'),
(1799, 52, 21, 20, '100154.68', '2017-12-12 13:29:21'),
(1800, 49, 21, 45, '1.00', '2017-12-12 13:29:37'),
(1801, 50, 21, 21, '21.18', '2017-12-12 13:29:50'),
(1802, 51, 21, 21, '60.40', '2017-12-12 13:29:52'),
(1803, 52, 21, 21, '100166.36', '2017-12-12 13:29:54'),
(1804, 49, 21, 46, '1.00', '2017-12-12 13:30:06'),
(1805, 50, 21, 22, '21.25', '2017-12-12 13:30:31'),
(1806, 51, 21, 22, '60.00', '2017-12-12 13:30:33'),
(1807, 52, 21, 22, '100167.16', '2017-12-12 13:30:35'),
(1808, 49, 21, 47, '1.00', '2017-12-12 13:30:50'),
(1809, 49, 21, 48, '1.00', '2017-12-12 13:30:56'),
(1810, 50, 21, 23, '21.27', '2017-12-12 13:31:01'),
(1811, 51, 21, 23, '59.70', '2017-12-12 13:31:02'),
(1812, 52, 21, 23, '100157.89', '2017-12-12 13:31:04'),
(1813, 49, 21, 49, '1.00', '2017-12-12 13:31:07'),
(1814, 50, 21, 24, '21.32', '2017-12-12 13:31:31'),
(1815, 51, 21, 24, '59.90', '2017-12-12 13:31:33'),
(1816, 52, 21, 24, '100152.75', '2017-12-12 13:31:35'),
(1817, 50, 21, 25, '21.40', '2017-12-12 13:32:08'),
(1818, 51, 21, 25, '60.80', '2017-12-12 13:32:10'),
(1819, 52, 21, 25, '100207.85', '2017-12-12 13:32:12'),
(1820, 49, 21, 50, '1.00', '2017-12-12 13:32:14'),
(1821, 50, 21, 26, '21.41', '2017-12-12 13:32:37'),
(1822, 51, 21, 26, '59.60', '2017-12-12 13:32:39'),
(1823, 52, 21, 26, '100170.18', '2017-12-12 13:32:41'),
(1824, 49, 21, 51, '1.00', '2017-12-12 13:33:04'),
(1825, 50, 21, 27, '21.44', '2017-12-12 13:33:09'),
(1826, 51, 21, 27, '59.30', '2017-12-12 13:33:11'),
(1827, 52, 21, 27, '100153.91', '2017-12-12 13:33:12'),
(1828, 49, 21, 52, '1.00', '2017-12-12 13:33:26'),
(1829, 50, 21, 28, '21.44', '2017-12-12 13:33:39'),
(1830, 51, 21, 28, '59.30', '2017-12-12 13:33:41'),
(1831, 52, 21, 28, '100151.05', '2017-12-12 13:33:43'),
(1832, 50, 21, 29, '21.47', '2017-12-12 13:34:15'),
(1833, 51, 21, 29, '59.30', '2017-12-12 13:34:17'),
(1834, 52, 21, 29, '100153.27', '2017-12-12 13:34:19'),
(1835, 49, 21, 53, '1.00', '2017-12-12 13:34:24'),
(1836, 49, 21, 54, '1.00', '2017-12-12 13:34:28'),
(1837, 50, 21, 30, '21.49', '2017-12-12 13:34:42'),
(1838, 51, 21, 30, '59.20', '2017-12-12 13:34:44'),
(1839, 52, 21, 30, '100147.73', '2017-12-12 13:34:46'),
(1840, 49, 21, 55, '1.00', '2017-12-12 13:34:55'),
(1841, 49, 21, 56, '1.00', '2017-12-12 13:35:16'),
(1842, 50, 21, 31, '21.51', '2017-12-12 13:35:19'),
(1843, 51, 21, 31, '59.30', '2017-12-12 13:35:21'),
(1844, 52, 21, 31, '100156.13', '2017-12-12 13:35:23'),
(1845, 49, 21, 57, '1.00', '2017-12-12 13:35:46'),
(1846, 50, 21, 32, '21.55', '2017-12-12 13:35:52'),
(1847, 51, 21, 32, '59.10', '2017-12-12 13:35:54'),
(1848, 52, 21, 32, '100158.42', '2017-12-12 13:35:55'),
(1849, 49, 21, 58, '1.00', '2017-12-12 13:35:58');

-- --------------------------------------------------------

--
-- Table structure for table `user`
--

CREATE TABLE `user` (
  `id` int(11) NOT NULL,
  `username` varchar(40) NOT NULL,
  `password` varchar(40) NOT NULL,
  `email` varchar(40) NOT NULL,
  `name` varchar(20) NOT NULL,
  `surname` varchar(20) NOT NULL
) ENGINE=InnoDB DEFAULT CHARSET=latin1;

--
-- Dumping data for table `user`
--

INSERT INTO `user` (`id`, `username`, `password`, `email`, `name`, `surname`) VALUES
(1, 'admin', '21232f297a57a5a743894a0e4a801fc3', 'filip.galic@student.fsr.ba', 'Bog programiranja', 'user');

-- --------------------------------------------------------

--
-- Table structure for table `waspmote`
--

CREATE TABLE `waspmote` (
  `id` int(11) UNSIGNED NOT NULL,
  `name` varchar(45) NOT NULL,
  `id_room` int(11) DEFAULT NULL
) ENGINE=InnoDB DEFAULT CHARSET=latin1;

--
-- Dumping data for table `waspmote`
--

INSERT INTO `waspmote` (`id`, `name`, `id_room`) VALUES
(21, '5B1167057C105407', 3),
(23, '45E1167057C10540', 4),
(25, '68F1257057C10540', 3),
(26, '78H4167057C10540', 4);

--
-- Indexes for dumped tables
--

--
-- Indexes for table `room`
--
ALTER TABLE `room`
  ADD PRIMARY KEY (`id`);

--
-- Indexes for table `rules`
--
ALTER TABLE `rules`
  ADD PRIMARY KEY (`id`),
  ADD KEY `sensor_rules` (`id_sensor`),
  ADD KEY `sensor_waspmote` (`id_waspmote`);

--
-- Indexes for table `sensor`
--
ALTER TABLE `sensor`
  ADD PRIMARY KEY (`id`);

--
-- Indexes for table `sensor_waspmote`
--
ALTER TABLE `sensor_waspmote`
  ADD PRIMARY KEY (`id`),
  ADD KEY `id_sensor` (`id_sensor`),
  ADD KEY `id_waspmote` (`id_waspmote`);

--
-- Indexes for table `user`
--
ALTER TABLE `user`
  ADD PRIMARY KEY (`id`);

--
-- Indexes for table `waspmote`
--
ALTER TABLE `waspmote`
  ADD PRIMARY KEY (`id`),
  ADD UNIQUE KEY `serial_id` (`name`),
  ADD KEY `id_room` (`id_room`);

--
-- AUTO_INCREMENT for dumped tables
--

--
-- AUTO_INCREMENT for table `room`
--
ALTER TABLE `room`
  MODIFY `id` int(11) NOT NULL AUTO_INCREMENT, AUTO_INCREMENT=7;
--
-- AUTO_INCREMENT for table `rules`
--
ALTER TABLE `rules`
  MODIFY `id` int(11) UNSIGNED NOT NULL AUTO_INCREMENT, AUTO_INCREMENT=5;
--
-- AUTO_INCREMENT for table `sensor`
--
ALTER TABLE `sensor`
  MODIFY `id` int(11) UNSIGNED NOT NULL AUTO_INCREMENT, AUTO_INCREMENT=57;
--
-- AUTO_INCREMENT for table `sensor_waspmote`
--
ALTER TABLE `sensor_waspmote`
  MODIFY `id` int(11) UNSIGNED NOT NULL AUTO_INCREMENT, AUTO_INCREMENT=1850;
--
-- AUTO_INCREMENT for table `user`
--
ALTER TABLE `user`
  MODIFY `id` int(11) NOT NULL AUTO_INCREMENT, AUTO_INCREMENT=2;
--
-- AUTO_INCREMENT for table `waspmote`
--
ALTER TABLE `waspmote`
  MODIFY `id` int(11) UNSIGNED NOT NULL AUTO_INCREMENT, AUTO_INCREMENT=27;
--
-- Constraints for dumped tables
--

--
-- Constraints for table `rules`
--
ALTER TABLE `rules`
  ADD CONSTRAINT `sensor_rules` FOREIGN KEY (`id_sensor`) REFERENCES `sensor` (`id`),
  ADD CONSTRAINT `sensor_waspmote` FOREIGN KEY (`id_waspmote`) REFERENCES `waspmote` (`id`);

--
-- Constraints for table `sensor_waspmote`
--
ALTER TABLE `sensor_waspmote`
  ADD CONSTRAINT `sensor_waspmote_ibfk_1` FOREIGN KEY (`id_sensor`) REFERENCES `sensor` (`id`),
  ADD CONSTRAINT `sensor_waspmote_ibfk_2` FOREIGN KEY (`id_waspmote`) REFERENCES `waspmote` (`id`);

--
-- Constraints for table `waspmote`
--
ALTER TABLE `waspmote`
  ADD CONSTRAINT `waspmote_ibfk_1` FOREIGN KEY (`id_room`) REFERENCES `room` (`id`);
COMMIT;

/*!40101 SET CHARACTER_SET_CLIENT=@OLD_CHARACTER_SET_CLIENT */;
/*!40101 SET CHARACTER_SET_RESULTS=@OLD_CHARACTER_SET_RESULTS */;
/*!40101 SET COLLATION_CONNECTION=@OLD_COLLATION_CONNECTION */;
